-- phpMyAdmin SQL Dump
-- version 5.2.1
-- https://www.phpmyadmin.net/
--
-- Host: 127.0.0.1
-- Generation Time: Feb 10, 2026 at 06:04 PM
-- Server version: 10.4.32-MariaDB
-- PHP Version: 8.2.12

SET SQL_MODE = "NO_AUTO_VALUE_ON_ZERO";
START TRANSACTION;
SET time_zone = "+00:00";


/*!40101 SET @OLD_CHARACTER_SET_CLIENT=@@CHARACTER_SET_CLIENT */;
/*!40101 SET @OLD_CHARACTER_SET_RESULTS=@@CHARACTER_SET_RESULTS */;
/*!40101 SET @OLD_COLLATION_CONNECTION=@@COLLATION_CONNECTION */;
/*!40101 SET NAMES utf8mb4 */;

--
-- Database: `denguepredict`
--

-- --------------------------------------------------------

--
-- Table structure for table `alerts`
--

CREATE TABLE `alerts` (
  `id` int(11) NOT NULL,
  `patient_id` int(11) NOT NULL,
  `prediction_id` int(11) NOT NULL,
  `alert_level` enum('medium','high','critical') NOT NULL,
  `message` varchar(255) DEFAULT NULL,
  `is_resolved` tinyint(1) DEFAULT 0,
  `created_at` timestamp NOT NULL DEFAULT current_timestamp()
) ENGINE=InnoDB DEFAULT CHARSET=utf8mb4 COLLATE=utf8mb4_unicode_ci;

--
-- Dumping data for table `alerts`
--

INSERT INTO `alerts` (`id`, `patient_id`, `prediction_id`, `alert_level`, `message`, `is_resolved`, `created_at`) VALUES
(4, 21, 8, 'high', 'Patient requires attention: Severity - Moderate, Outcome - Hospitalization', 0, '2026-02-10 08:36:01'),
(5, 22, 9, 'critical', 'Patient requires attention: Severity - Severe, Outcome - Critical', 0, '2026-02-10 08:36:58'),
(6, 24, 11, 'high', 'Patient requires attention: Severity - Moderate, Outcome - Hospitalization', 0, '2026-02-10 08:39:15'),
(7, 26, 13, 'high', 'Patient requires attention: Severity - Moderate, Outcome - Hospitalization', 0, '2026-02-10 15:54:22'),
(8, 27, 14, 'critical', 'Patient requires attention: Severity - Severe, Outcome - Critical', 0, '2026-02-10 15:57:01');

-- --------------------------------------------------------

--
-- Table structure for table `lab_reports`
--

CREATE TABLE `lab_reports` (
  `id` int(11) NOT NULL,
  `patient_id` int(11) NOT NULL,
  `recorded_by` int(11) NOT NULL,
  `platelet_count` decimal(10,2) DEFAULT NULL,
  `wbc_count` decimal(10,2) DEFAULT NULL,
  `hemoglobin` decimal(5,2) DEFAULT NULL,
  `hematocrit` decimal(5,2) DEFAULT NULL,
  `pdw` decimal(5,2) DEFAULT NULL,
  `ast` decimal(6,2) DEFAULT NULL,
  `alt` decimal(6,2) DEFAULT NULL,
  `fever_days` int(11) DEFAULT NULL,
  `created_at` timestamp NOT NULL DEFAULT current_timestamp()
) ENGINE=InnoDB DEFAULT CHARSET=utf8mb4 COLLATE=utf8mb4_unicode_ci;

--
-- Dumping data for table `lab_reports`
--

INSERT INTO `lab_reports` (`id`, `patient_id`, `recorded_by`, `platelet_count`, `wbc_count`, `hemoglobin`, `hematocrit`, `pdw`, `ast`, `alt`, `fever_days`, `created_at`) VALUES
(21, 21, 1, 90000.00, 2000.00, 12.00, 37.00, NULL, NULL, NULL, 2, '2026-02-10 08:35:47'),
(22, 22, 1, 30000.00, 2500.00, 12.00, 37.00, NULL, NULL, NULL, 7, '2026-02-10 08:36:48'),
(23, 23, 1, 110000.00, 3500.00, 13.00, 38.00, NULL, NULL, NULL, 4, '2026-02-10 08:38:06'),
(24, 24, 1, 10000.00, 3200.00, 12.00, 37.00, NULL, NULL, NULL, 5, '2026-02-10 08:39:07'),
(25, 25, 2, 110000.00, 4258.00, 13.00, 39.45, NULL, NULL, NULL, 4, '2026-02-10 13:48:10'),
(26, 26, 1, 110000.00, 2500.00, 12.00, 37.00, NULL, NULL, NULL, 5, '2026-02-10 15:53:57'),
(27, 27, 1, 40000.00, 2500.00, 12.00, 37.00, NULL, NULL, NULL, 6, '2026-02-10 15:56:54'),
(28, 28, 1, 400000.00, 10000.00, 16.00, 46.00, NULL, NULL, NULL, 2, '2026-02-10 15:59:49');

-- --------------------------------------------------------

--
-- Table structure for table `otp_codes`
--

CREATE TABLE `otp_codes` (
  `id` int(11) NOT NULL,
  `email` varchar(120) NOT NULL,
  `otp_code` varchar(6) NOT NULL,
  `purpose` enum('registration','forgot_password') NOT NULL DEFAULT 'registration',
  `is_used` tinyint(1) NOT NULL DEFAULT 0,
  `expires_at` datetime NOT NULL,
  `created_at` timestamp NOT NULL DEFAULT current_timestamp()
) ENGINE=InnoDB DEFAULT CHARSET=utf8mb4 COLLATE=utf8mb4_unicode_ci;

--
-- Dumping data for table `otp_codes`
--

INSERT INTO `otp_codes` (`id`, `email`, `otp_code`, `purpose`, `is_used`, `expires_at`, `created_at`) VALUES
(6, 'dwijesht8@gmail.com', '458416', 'registration', 1, '2026-02-10 14:15:35', '2026-02-10 13:05:35'),
(13, 'sodamsivasiddarthareddy2007@gmail.com', '105764', 'registration', 1, '2026-02-10 15:12:52', '2026-02-10 13:42:52'),
(14, 'siddarthreddy.5377@gmail.com', '543172', 'forgot_password', 1, '2026-02-10 17:21:31', '2026-02-10 15:51:31'),
(15, 'dwijeshtatipi@gmail.com', '206766', 'registration', 1, '2026-02-10 17:33:29', '2026-02-10 16:03:29');

-- --------------------------------------------------------

--
-- Table structure for table `patients`
--

CREATE TABLE `patients` (
  `id` int(11) NOT NULL,
  `created_by` int(11) NOT NULL,
  `name` varchar(100) NOT NULL,
  `age` int(11) NOT NULL,
  `gender` enum('male','female','other') NOT NULL,
  `phone` varchar(20) DEFAULT NULL,
  `address` text DEFAULT NULL,
  `blood_group` varchar(10) DEFAULT NULL,
  `created_at` timestamp NOT NULL DEFAULT current_timestamp(),
  `updated_at` timestamp NOT NULL DEFAULT current_timestamp() ON UPDATE current_timestamp()
) ENGINE=InnoDB DEFAULT CHARSET=utf8mb4 COLLATE=utf8mb4_unicode_ci;

--
-- Dumping data for table `patients`
--

INSERT INTO `patients` (`id`, `created_by`, `name`, `age`, `gender`, `phone`, `address`, `blood_group`, `created_at`, `updated_at`) VALUES
(21, 1, 'Dwijesh', 24, 'male', '9786453128', 'Tadipatri, Andhra Pradesh, India', 'AB-', '2026-02-10 08:35:47', '2026-02-10 08:35:47'),
(22, 1, 'Prem Kumar', 24, 'male', '9786453128', 'Tadipatri, Andhra Pradesh, India', 'O+', '2026-02-10 08:36:48', '2026-02-10 08:36:48'),
(23, 1, 'Kesava', 24, 'male', '8674203019', 'Tadipatri, Andhra Pradesh, India', 'A-', '2026-02-10 08:38:06', '2026-02-10 08:38:06'),
(24, 1, 'Siddarth', 52, 'male', '9133333337', 'Tadipatri, Andhra Pradesh, India', 'O+', '2026-02-10 08:39:07', '2026-02-10 08:39:07'),
(25, 2, 'Prem', 28, 'other', '9786453128', 'Yerraguntla', 'AB-', '2026-02-10 13:48:10', '2026-02-10 13:48:10'),
(26, 1, 'Abhinay', 25, 'female', '9786453125', 'Chennai', 'B-', '2026-02-10 15:53:57', '2026-02-10 15:53:57'),
(27, 1, 'Nikhil', 24, 'male', '9786451325', 'Tadipatri, Andhra Pradesh, India', 'B+', '2026-02-10 15:56:54', '2026-02-10 15:56:54'),
(28, 1, 'Dwijesh', 28, 'male', '97846453125', 'Tadipatri, Andhra Pradesh, India', 'AB-', '2026-02-10 15:59:49', '2026-02-10 15:59:49');

-- --------------------------------------------------------

--
-- Table structure for table `predictions`
--

CREATE TABLE `predictions` (
  `id` int(11) NOT NULL,
  `patient_id` int(11) NOT NULL,
  `lab_report_id` int(11) NOT NULL,
  `predicted_by` int(11) NOT NULL,
  `severity` enum('mild','moderate','severe') NOT NULL,
  `outcome` enum('recovery','hospitalization','critical') NOT NULL,
  `risk_score` decimal(5,2) DEFAULT NULL,
  `severity_confidence` decimal(5,2) DEFAULT NULL,
  `outcome_confidence` decimal(5,2) DEFAULT NULL,
  `model_version` varchar(50) DEFAULT NULL,
  `notes` text DEFAULT NULL,
  `created_at` timestamp NOT NULL DEFAULT current_timestamp()
) ENGINE=InnoDB DEFAULT CHARSET=utf8mb4 COLLATE=utf8mb4_unicode_ci;

--
-- Dumping data for table `predictions`
--

INSERT INTO `predictions` (`id`, `patient_id`, `lab_report_id`, `predicted_by`, `severity`, `outcome`, `risk_score`, `severity_confidence`, `outcome_confidence`, `model_version`, `notes`, `created_at`) VALUES
(8, 21, 21, 1, 'moderate', 'hospitalization', 45.00, 0.95, 0.90, 'v1.0', 'Close monitoring required; Repeat CBC advised; Consider hospital observation', '2026-02-10 08:36:01'),
(9, 22, 22, 1, 'severe', 'critical', 70.00, 0.95, 0.90, 'v1.0', 'Immediate hospitalization required; IV fluids and platelet monitoring; Critical care assessment', '2026-02-10 08:36:58'),
(10, 23, 23, 1, 'mild', 'recovery', 25.00, 0.95, 0.90, 'v1.0', 'Outpatient care recommended; Rest and adequate hydration; Follow-up in 24-48 hours', '2026-02-10 08:38:13'),
(11, 24, 24, 1, 'moderate', 'hospitalization', 55.00, 0.95, 0.90, 'v1.0', 'Close monitoring required; Repeat CBC advised; Consider hospital observation', '2026-02-10 08:39:15'),
(12, 25, 25, 2, 'mild', 'recovery', 15.00, 0.95, 0.90, 'v1.0', 'Outpatient care recommended; Rest and adequate hydration; Follow-up in 24-48 hours', '2026-02-10 13:48:20'),
(13, 26, 26, 1, 'moderate', 'hospitalization', 35.00, 0.95, 0.90, 'v1.0', 'Close monitoring required; Repeat CBC advised; Consider hospital observation', '2026-02-10 15:54:22'),
(14, 27, 27, 1, 'severe', 'critical', 70.00, 0.95, 0.90, 'v1.0', 'Immediate hospitalization required; IV fluids and platelet monitoring; Critical care assessment', '2026-02-10 15:57:01');

-- --------------------------------------------------------

--
-- Table structure for table `users`
--

CREATE TABLE `users` (
  `id` int(11) NOT NULL,
  `name` varchar(100) NOT NULL,
  `email` varchar(120) NOT NULL,
  `password` varchar(255) NOT NULL,
  `role` enum('doctor','nurse','admin') DEFAULT 'doctor',
  `hospital` varchar(200) DEFAULT NULL,
  `phone` varchar(20) DEFAULT NULL,
  `created_at` timestamp NOT NULL DEFAULT current_timestamp(),
  `updated_at` timestamp NOT NULL DEFAULT current_timestamp() ON UPDATE current_timestamp(),
  `profile_pic` text DEFAULT NULL,
  `specialization` varchar(100) DEFAULT NULL
) ENGINE=InnoDB DEFAULT CHARSET=utf8mb4 COLLATE=utf8mb4_unicode_ci;

--
-- Dumping data for table `users`
--

INSERT INTO `users` (`id`, `name`, `email`, `password`, `role`, `hospital`, `phone`, `created_at`, `updated_at`, `profile_pic`, `specialization`) VALUES
(1, 'Siddartha Reddy', 'siddarthreddy.5377@gmail.com', 'welcome420', 'doctor', 'Health Care', '9133333337', '2026-02-08 07:48:00', '2026-02-10 15:52:30', 'data:image/jpeg;base64,/9j/4AAQSkZJRgABAQAAAQABAAD/4gHYSUNDX1BST0ZJTEUAAQEAAAHIAAAAAAQwAABtbnRyUkdC\nIFhZWiAH4AABAAEAAAAAAABhY3NwAAAAAAAAAAAAAAAAAAAAAAAAAAAAAAAAAAAAAQAA9tYAAQAA\nAADTLQAAAAAAAAAAAAAAAAAAAAAAAAAAAAAAAAAAAAAAAAAAAAAAAAAAAAAAAAAAAAAAAAAAAAlk\nZXNjAAAA8AAAACRyWFlaAAABFAAAABRnWFlaAAABKAAAABRiWFlaAAABPAAAABR3dHB0AAABUAAA\nABRyVFJDAAABZAAAAChnVFJDAAABZAAAAChiVFJDAAABZAAAAChjcHJ0AAABjAAAADxtbHVjAAAA\nAAAAAAEAAAAMZW5VUwAAAAgAAAAcAHMAUgBHAEJYWVogAAAAAAAAb6IAADj1AAADkFhZWiAAAAAA\nAABimQAAt4UAABjaWFlaIAAAAAAAACSgAAAPhAAAts9YWVogAAAAAAAA9tYAAQAAAADTLXBhcmEA\nAAAAAAQAAAACZmYAAPKnAAANWQAAE9AAAApbAAAAAAAAAABtbHVjAAAAAAAAAAEAAAAMZW5VUwAA\nACAAAAAcAEcAbwBvAGcAbABlACAASQBuAGMALgAgADIAMAAxADb/2wBDAAYEBQYFBAYGBQYHBwYI\nChAKCgkJChQODwwQFxQYGBcUFhYaHSUfGhsjHBYWICwgIyYnKSopGR8tMC0oMCUoKSj/2wBDAQcH\nBwoIChMKChMoGhYaKCgoKCgoKCgoKCgoKCgoKCgoKCgoKCgoKCgoKCgoKCgoKCgoKCgoKCgoKCgo\nKCgoKCj/wAARCAH0AXcDASIAAhEBAxEB/8QAHAAAAAcBAQAAAAAAAAAAAAAAAAECAwQFBgcI/8QA\nTxAAAgEDAwIEAgcECAQCBwgDAQIDAAQRBRIhBjETQVFhInEHFDKBkaGxI0LB0RUzUmJygpLhFiRD\n8DTxF0RTc5OisiVUY2WDlKPCs9Li/8QAGQEAAwEBAQAAAAAAAAAAAAAAAAECAwQF/8QALBEBAQAC\nAgICAgEDAgcAAAAAAAECEQMSITEEQRNRYSIyQgUUI1JxkaGx0f/aAAwDAQACEQMRAD8A0GwZ4pOz\n7wKkFME02y8815OUenijkFeKGKeYc0RA29qhcNbaMqD3pQ74ovekqC4A8u9KHyHNADJ5GKGKcUNf\nx+dKHlmgOPejAB++lThQpQ5PP4UkcUte3vSCTaSFZQR3zxXa9MuRfaZb3GeZEBOPXz/OuIRcEHzF\ndU+j+68bSngJ5hfgf3Tz+uavh/vuN+4w+XO3HMv0urlMjtVPdR9xir+Vc1V3acmuDm4+uWnPw5fT\nO3MfxGoMyZFXNyneq2VOaiTy6leyYpthxn1qQ6fF3plhWuPgG6Uo5yaLHNKArrwZ0pfKn0IphcU8\nh4FdWDOpcfPlUmI486hoxqRDxjNdODHJYREmrK0PIGaq4R2LEKPep1u6bsBxt866cfLG3S/gAwCK\neqDBcIVABAUcfOpImXHcUWVG5DtNSPjIFE1wnI3DNQ7uVWAZXGRRMStIupAwwe586rZjS5pBnOeK\nhzSFfPKmnV4w1O9QZG5p+Zwe5++ocpx51jW2JmU9/Oocp71JkbiochP3VFaQxIfxqMxBp929qYcZ\nNZ2tJDUnbtzTMnqBTzj1ptsDyrOqhhgOeKbKDBz50+fTzzTbDvU2KlN7QDwO1J7g0sjFKt4XnuYo\nogSzsFA+dTVdm66DsvA0x7lhhpm4P90f75oVpILZLSzht4x8MahRQrksu0b7eXJX8/amHUmpLjBw\naabGDiuvKQ8TDKRzTe3jtTzDNIPesbPLSGyowMedAY7AUrjy8/Skn270qcDFD1xiiHfv91KHv5U4\nofc9sUORyKGSR70oD0ovkADSufxpOCSCe1LyMiloFqST6Vtfo8vPC1IRE8TIV+8cj9KxI7e1Wug3\nT2t9HKP3GD/PntUXLpZl+hlj3xuP7dokXIqBdp5irCN1liV0IKsAQfUUxMmQa3+ZxbnaPK48tVQX\nMYqruExnir65TGaqrmPk150jvl3FPKvPaozjJ4qwmWorLj51pjNminvRE044pvFdWCKUKdTnim1G\nRTq8V04M6fjqVCcAVCUnFPxOMcniujFlUyVv2IP7oNHA4wOMDPrTMrB4O+ACKYSbkgetdfHfDkz9\nryGcDAHlUk3J8MA8VSW8pwMnninjPkcHjGa1QntchWJNN/WRuI7DFV8so8vSkeKGIIPNKiLKVhge\ntRJH4Pn7UcknxYNRZWO7PnWGV8unGESHBO2ort5U8XPNMSnmotXDLdzUeU5FPP7dqYkPFZVpijyf\nKmG47U65xmmXb0OKzrSG2bk5NNMfPjNKY+oNNYrO1chDE89qST35o278UgnmlsxE+/lWm6AsPrWs\n+M4zHbru+/y/79qzHnx+NdM6FthZ6F4zDD3DFuf7Pl/Gss8vCc/EXl2+DQqvv7kZoVgU8RzSTGaY\ncDy707KSGwRTLnGSa7c4vE0QcjNIIyMUsnz8qQT+VY2NYSV496T8qXjgnNJPY5qNGSPl99Hn2ou2\nKLvjHAp/Rl5x3pQzgd6Tj2paDHekBj0FKAJwaGBn3oxjHfvUXZD44zT1q22ZMZHNND86UpGe1LLH\ncOXVdk6SuvrOjRAnLRHwz93b8iKt3XNYn6PLvMssBPEiBx8x/wCf5VuSMivQ4P8Ai8MleZ8jHpyX\nSsu4/PFVFynetDcJkVTXSd68vkx6ZabcOW5pRXC47VBk45qzuQBmq2Y4oxrdGfNIJANKkamux966\nME0oMaWppkUpTXRgipO6jVsmmA1LU4rfGsrEyR/+XPPAI/WocbEknPGTThYsjKp5PrTYil7B1Fdf\nHlqOfkx3UjxiGA+VLWbauM+VRfClPdl8vOnfCk/tjtWsyjPrTk0pJHpSbeQlwD50h4pCeXGKKKJ0\nkDs+QPKlcpoTGypruTn1pqRs80kvzTRbBI8jXPbt0yA7edMu+e9E7Ypl3x6VGVVAdu/NR5G86U7c\nUw5471nWkIZsk0y5pTH0ppmyTWd8rhJ7+9IJxmjf1NNHOTk5zUbXBH3pBx+FKNJ759KmmfsbZ7q8\nhgj+1I4UfjXY4tKMdrFAsoVY1CjA9BXO+gbQTayJ2AKwLn7+wrpZuPetuPixym8nLzcll1EJ9Bic\n5kuJD8uKFSWuPehW04cP0x/Jl+3IJCJFznkVEcd6XHIQceVLdQ3Irnt275NIxGT7Ukrz2p3aQeaL\nGayyaSmQvp2o9op3Aou1QezZXPlSQuCe9Pdu9JJz71Ng2SKIUD29DQ5GKRjyfKjU54NJBo+B6UpD\nLJ45oyfxpBbiiB586KTUdIXhttRtmJwFcA/I9667XCNMk23ABJ5rtGkXRu9Lt5s5ZkG75jg11/Fv\nXccny8fWSROcA1S3jgE1a3EUrjC7fxqrudOu3ztCH/NXLzcfJnlbIz4bjj7qiunBJ5qsnbmryfRd\nQYnEIP8AmH86gy6DqZz/AMsT/mX+dRjw5z6b/kx/aoc00WxVlLoepjvaSH5YNMHR9S87Kf8A01vj\nx5T6HfH9oRbmlA1IbTL9PtWc4/yGmhZXXObab/Qa1xxyiO0Ejc06GxSBbXA48CUf5DQMcinBVh7Y\nrXHaLYeRh3pwNTaRSHtG5+6nBDL/AOyf/Sa2iPBSnApYPFEIpO3hv/pNKEMp7RSH/KaY8CZqLdS/\nq1we0Ev+g0Rs7rPFvKf8hoHhHZhSHapDWN2f/Vpv9BpP9H3pHFrLn/CaV2csQ2OaZZsjmpx0vUCc\ni1k/DFBtG1An/wAM34j+dRqqmUVTn1ppz61bnQdRb/oY+bD+dJ/4b1E/9NB/nFTcbTmeKkZuaaY8\n1enpnUCe0X+ukHpe/PBMOP8AFUdMlTkxUJJzTZ71oj0re/8AtIR/mP8AKj/4Tuj3nhH4/wAqn8WX\n6P8ALizRPPei7GtOOk5+xuoh8gaM9JyDvdp/pNL8WQ/Lit+iYPq2mGUjDTNn7hWhaWoFuq29tFCv\nZFCilmSurGamnJld3aQ0hoVEL0KZaYibQNTj/wDVWOP7JBqK1jeQnEltMvzQ10sTUrxaV4o2/PXL\nHjYHlSPmKaOQa6wfDYfGiMPcZpiSyspPt2sB/wAgrLLg/lc+R/Dlp570kla6W+iaW/e0j+7IqNJ0\n1pbniJ1+TmovBV/7jFzomiJNb6TpPT2+y8y/5gf4VGk6OgP9XduvzUGovBkqfIxYrFEBWufo5wfg\nvEPzT/emZOkLv9yeBvxFL8GU+lTnw/bL9u1AfPmr6TpXUlHwrE/yeo79O6mp/wDCsfXDA/xqPx5T\n6VOXH9qgnuKMck4qe+jakn2rKb/STTRsLxD8dtMP/wBM1Fwv6VM8b9mom2SKw/dNdT6Kvd1jJDn7\nDbh8j/5VywwyryyOPmprcdCufAmcnthP+/yrf4+5lplz6uFb4T+tK8cVUGb3oCc+ZzXa89b+OKIz\nj1qp8b3oeL70EtDOPWkm45qt8X3ovFoCxFxzReOPWq/xaLxfenoLEz0PFz3xVf4tGJPemE/xKV4v\nHeq8S0ayc0aCd4vNDxaib6MMaCSfFpJlqOze9Ns+KDSTLSS/nUUyUReg0hpKQZBUdm96SXoI+ZDS\nDJ70wX4psyUGfMnpSDJUcyUkyUgfL+9IL8UwXot1Bni9JLcU0Woi3FAOlqTuprNFuzSPR0tQpksP\nM0KnRnxL70oSVBEtK8WqGk4Se9LWXPGar/EpayGgtJxkwaHi+9RVbdxmi3AE0EliSh4hqJ4npQ8Q\n+tA0meJ70PEFQ/ENF4nvSGk7xqLxjULxPeh4lA0m+LQ8QVDEnvR+J70BLLg9wDSVKpnYAue+Bio3\nie9EZKAl+JigZKieJQ8SgaTBJx3oeIfWoXiUfiUxpM8X3oeITUPxKPxPegJniUPEqH4nvSg9GySw\n/pSg9RQ/FGGphLD0tWzUQNTqNyKcLSdEpcgAZNSHt3RMkU/paDwy3BNSLx1SAlse1UlSSNimWejm\nfJNR2OfOlVQ4XpJemi2KSze9SZ4uaQZBTO6kbqAeMlNM3NIZqbZuaDOFz2pJfApst70W6gaLLUN1\nN7qLJpA4Wos0gmiHegy91DNJ70AaRjJoUCKFBofiUoSVDV6WHpbPSYJOKUslQw1OBqCTUkI7U8Pj\nGR3qFG3vVlpoDyKvHPFXPKcvCOc+lETitVJoqlPhb4vSs5fwGCRlPcUXHSZdou7FFvppmxSN9StI\n30N9Rd/rQL0BJMnvQ8Sou+j30gleJR781E30e/50ySd/Hej31F30YejYSN/Heh4lMb6SX5NASd59\naPfUUPSt58qAkh6WsnrUQMfWlhvWgksP70oOc1FRqcV6ZJKv708kmOahhqUHphcW940X2TihcXjy\n/aOaqvF96Blp9i0ks/NNl6YaSkF6WzPtIKQXpgtRb6NmdL0ktTe6kkmlsHC1IY0mizQeis0KLFDm\ngBR/fRhCfLNSIrOaTshxQW4jYpWParNdMZU3Suqj3NGI7OI4aQu3otH/AFHb9K1Yye1PRWsj8KpP\nyFTTeRID4EC5H9o1Du9QuvGhVZVjR85Cr/GpuWMGsqkx6dJjL7UHuaFQ5T4h3O5b5nNCl+SK6Vnw\ncUYb1o5oih9QfMdjTG/1oqpdpAfmlq/vUQPg0sPS2aYjip1ldeE4I8qpw9Oo+B3qpkmzbe2+uxmI\neIPiHmKz+q3fjTM3HJqnW4PrRmbeOTV9to66G75NNlvemy2DRFqhZe6hupomi3GlsHt1Dd703kmh\nn1o2R0N70e+mhmjFMHAaPJpGKMUAsEmgc0kNij3e9MigaUDTOaUGo2DmaWH4pjdRBsUbCUHpQkqM\nCaUpo2SSHpYeowalA80bCRvob6ZGc0ecUA7voi1JowD6GgCoU7HBI/2UJ+6pCafKftAKPc0xtCxi\njFT/AKrBHxLOvyHNASWaZ2I8hHrxStkG0IIxPAp6OymkIwhpTajIt0YoIIkUKDuPJomubiRmDysF\n9AcVPfEap9dPCczyog9zRk2EI5ZpT/dFQCgZlJbPv3owQ5ICmpvL+j6JNzqYt4S9tapxjlzSnv53\nwC+M/wBnioF4GNu69htPFP25LxRtjyqbnlVTGFtvIPLE+pOaAwACx5oKCGOT+dHhWGQM49anatDV\nQuc81HvRujicjG1x+fFSgTuwAKav1P1R8D7JDfgaYGuFTOPzoUqI71HHFCiQbZpZXi4A3xdyp8qC\niO6hE1s2VYZxjkUV3mO3kZcZVSajpG0EcW0lZFUDI+VHez2Wv0WwIPagGpcc6XJKSjw5c4Ho1Ikj\naM4Iqv5h7/Y8mlB6YJwfOj3c96Nno/vpQcio5ejDnPNPadJJbdzRd6aR/elF/Q0bIvtRjHNNhxQ3\n09g6AKVkUxuoBjRsH8gUQbmmgaPPNPZHN1Dd60jPFCjYLzSs4pAFKxRsDDUeaKlBSfKghZzSu9LS\nF2OApPyqSljM37hHz4o0W0ZaWFzUz6ksf9fNFH7E0sCziPxO8h/uijx9jaIqH0p1IXbspNSmuo0/\nqbYfNzRPeTMCFZU/wil3xg1aKOxlPO3A96d+qxJ/WzoD6Dk1XrLLJcSiSVmQY4Jz5U6EBK4NT+X9\nH1v2mbrOMf8AUkPyxRteIgPhQICPNuaiAK/Ydj2pYySQQABSvJR0g4r+6lEo3hQr4AVcYGKNyXGJ\nHLMfUk1HtlAuLnPYsOPuFSQAWDAGo7VeoQu1AMg0oDaGKrk+XFKXL+WMUeCWOTxSNCmz9dj5wSh/\nIinztJIJy1NXQC3ds3JBDL+lSMZJIHcU4KbztAAXJNLKnBI4owDj4iBRhcMSaZEOP2RDZJIxSbMb\nrOLnsKeADDgfjTVh8MLL5qxH50GfO0cEE8d6MAgHaKUvxc45oxu3c9qeiGuSAT3pEqbopB5lTTm0\nEetLwPSgI1qS1ujeooULMYUg+RIoU4Gd1FP+XYDu7KnHucUTpzz60/cjdPbr5byx+4H+OKEi8Yqb\nDVk8eQRgexpqO7kikjhmQyRkHL55XH61PlXyqEYwtxgcjYR8skfyrPdxvhWtnZUBG+MhkPnUcvg0\nkmS3bcp49PI0sNHcKSo2Sjuh/hWkymSfRO/17Ue/8ajuSpIPFJD5p+TTFc54pauDUaG4mjBWMoUP\ncMuaWgLfOlukkbqMGkpG7DABJp+Ozmf91h8xV+S3DYNKBqSLLYAZZET5mlCO0U4a43H0Vc0J2jKa\nWAfSlw3dk0IkijmkU9ieM079dVR+ztUB/vHNHaT7Hn9GVjYninktZXPCN+FH/SE5GEaOM+irUae5\nuHmgXxpPtHd8WMjB9KV5MRq1PSwkxl9qj+8cUsW1uvMlwn+XmoHJYEvkfjRhRkNnIApfl/ULrU8v\nZRjIEsh8gOM0Ir5HgWSG0VQwBAc5NQwMqGC9hSLIBbWPucgCp/LT6RYPfXBXCOkfsoptpZJAQ00j\nEd+TTeNpOBnJpfKjIA70u9vsahplBuoAq9t3NSxnncQBnio0ozdQDPOT+lSsK3akqAMAsTk5peO5\nUUYGQRgCl+Z3HijRo0OfrU4Ycnbz91SACMADvTUf/jJ8eYX9KfUdtxpwqMggcHHPlSioIIzz50QA\nAOeaXjzFURi3XFxOoGQdp/KpJDDAHFMwgm6l8iVX+NSAoxyaUMlhkYzR/D2Oc0ezGaXt5zimEG7X\nD2xA/f8AP5U+Ad3tSb5crET5OKeAAAoFNlVPbypXmABS8Y7UO/NMhFeMdqZtBtkmUDjfn8afxTcY\nxcyY7EA0qcPbTijHGM0QzmlbaAMYpYANEowKVQDEQxNKPLORQpwoVYOM4JxQpBmgN9/x2jj5+bH/\nAP5p11pFu5M9yx7BwnzwP96dbke1GzRXHnUBh+2lYccAfhn+dWcg747VXKhfxWzxvOB8gB/A1FOG\nn5Wq6+izGcEgZGCDgjmrBu9RLoZMKjjL/wACai7UjX+qLY20k9xA0/hcgKcFh6H+dReneptG6g3N\nAxtpl+1bMdzjBxk47Co/U0nhaTeS8/BC7fgCawH0Owbrq/mzjaiKPkST/Ct8M70trO4+fDsqT2gH\nwJK/z4oC9Xjw4I1Y9txzUFFBw3JA5xTyrkBgoz71leSn1hy41S8xEscixl5AvwoO3n3+RqT4srjL\nux9txqunAae0GcHxCT9ymp4Ufa5OB2o7W/YskGBwSMbsUs4wTu5FBVAJYLnNCUbIZGC/uk8/KkET\nTl2WEJOTlQamAbcsFJzTVkpW0jV2GAi4/Cn+2csSKNGPB5IwCfWib/xEIOCTnt8qV2JbBORREZuo\niBg7G/hQD6jGF29+9LUFSBwFxzQAyMFucUa4xgA9qpAEEYOeMeVJsQTaQ5x9kVWa31BbaSqxsrSz\nNwEUdj7nyqjsdb1G7gjRfBhXbjKZZvzP8K0w4ss/RXKRtRn94554pSkLncfOsFq+p3Onxs0ksjuW\n2gK5Bbj0znNUkGsawJDK7yiMAgiQq/Pyxx8vzrWfHqO8dW+H6zCVAPLdj7VNwR24rntvrkchWSSD\ncyD/AKEmCAflz3q4i6qt45Bb3LSIxAw5xk+x96m8GUVM41hGc80sAGqiw1SCdWEM0UhX0bmnLnW7\nC14nukjPue9RcbFbiYqj67J5fCv8akAA9qp7LWbK6vcxS5WRV2sVIDd+xq7UY7UtUb2NfTFL/Si4\npQoBlBi8POfgH6mpA+VR1/8AGeXKfxqV2ohh3oYOaHehTIxeDMWfQg/nSgeBxRzqWjIFAfZFBhya\nOhQHfvQQ6Lbh93qMUrjFOKhaBmHdSKKBAcUoUkc8ZoEgHvQZXFHSQwxS1z3xxQEoRb9NkYD4kcH+\nFCpukgPFKjcgkGhWkwlm0XLVc/sgTa788uzN9xPH5Yp3JzQt4/DgijP7qAflQfn2rH01IJBqJCP2\nKkeeW/E5/jT1yzRQyMO6qTSFQRxKnkoAqQjXCB+POoEiE3SKR9lWP6D+NWcgHnUCbP1s89k/U/7V\nGRxl+vfg6a1HGQfBYce4xWa+hyEjT9QlwAGlC/gP96vfpRlEfSV5nguUQfe4qL9EluI+mpHOP2k7\nNn5AD+FazxgX+TaKpDd+MeVOqnxbjk+WKMAeeMU4ML51lo6juuL634A+F2OfkB/Gp4B8zxioqIDe\nA4JPhnv8xU1RnjGKciaIYHJzzTd58Nncd+Ub9KfAPtSLtSbSQMRyuPx4pkEafAF2gAAYpxecggAU\nMAjzpYAORigxcjOTxTfH11CBnCH9RT+PIDtVfqmo22mHx7yUINm1V82JPAA8zxQEq/vYLKIPO4Qt\nwo7kn2FY3XurWEEj2z+DABjxCPjb/DngeY86h6jqlneyfXNayUUbRDGyPs3HjjdnPv8AOsL1JdiK\nwkggG6Aybtj9woOP4+9dPFx79ssq0E+vNcKiQwQvPPlyW5LMpIOfPOCRUGy1dzPm7uPqyRNs8PDD\nJHkw8vP5Vg9J1GVLmRkVmURv252hsVKW9kvHKSscAgDAyfu/HFdskZabGbXpHmleCQICdwDn8QCf\nL27U5Nr1pcII5kDSgfC6Lgr68dvw+6sVfGCBQUlmbPDLszt5+fz8hVb9ZbePCkZGByCO3P6UbLTo\nn1q4Eu/wY7gIeGHf1H/YFKl1hJ9vjRuk4+La3b/z5/74rH215qEIVUdyByuBk5/j99Pi9lnlAvg2\n3kbghAB+WMflRTjZx6uksJlimSOVe47Zx/Pn/vvYQ6r/AEuyGdkUBcIBxn+98+P/ADrmNzIIJi9v\nICmPtLyKXDqjJCzJIyyDng4BqLNqdRttZtNN1tIp94AzGctkd/z5/StzpvVga1izbNK+MfA459e/\n8682T6hLe3s08pJLZc4962uga34VtawxMxkz4juAcr6D5mpyky8UTx5j0TY3K3cCSoCue6t3X2NS\nsVgemNTSC8S18Ql3j8YZBw6evz7mujRRZA865c8Ot8NMbtD2/wDMqf7tSMU4ID4wOD2p4w4FRpSI\naAzUhoaT4VPQNBdzKPU03jaSD5HFSI1xKn+IUm9TZdzAf2zS+wZz60Mgc0nAGaId+1MHAeKlWhBt\n7oHuUyPuNQ85J8qmaWvizSIf3o2FKgwMbcnvRBuaSpGKX38qZjAJY4FPoMgU2nHnTqfOgCuo5mtm\nW3laOTIwykihUqHlxQqbv6OMtKpDHio7cZzVlPHkHIqBKu05Paimh3mTCF7hmVfxIozx70Vxy8I8\nt/8AAmibseagGpORUFgGklbHYhfyz/GpzHJNREG5HY+bn8uP4VJuc/S7KV0e3i4/aTjPPkAT/Krj\n6OIBF0lZc/aLsf8AUay30zSH6zpcP/vHOP8AKB/Gt50jEIemtMXkfsEJ+ZGTWtmsE/a3UA84p1R7\nCkqM9qeHFZwyYVzctn+wv6mpYA4qNbH9vLnHkPy/3qZkAU4VEBTd4uYOO+5R/wDMKeUikXAzGB/e\nX9aZQoL6Gj2nHelijFMEba4r9I+vrbfSAqXkc8lrZxBUSGUxnLAEnP34rtzcc1w36b7e0j6htJ0f\n/nGi/aIO2BnBPvWnHJ28py9KWbqN7mdHnkeS3TIRLg7yg9yAM1A1TUY5ASVR48hkwSB+fbvWXecL\nuUMSW889j64o4mRVbc7ZPbjIrtxkjKnAI45GliUmE8MOCV5BHv7VMKLMGkj+JlA+EE8j7qrJXaVO\n3nzxjPzxT9nZXTAvBG+PU8Cq7SCYXL0fe4Owq25T/eORTtv4UhCjcXbA2jzp620LUbvB8LcB5n+d\nafR+jbh2XcpCnuVBOPLjFLtF/hy+1PBtWHIYZUDuc5/h2pxrG5lyWEuAPsgHPFdP0ToqwjUeKJWk\nAyFwB/Dmrv8A4UjMuyMDYx4JzkD0J/77UXNU4p9uAXEEgceHujJHn51BlDxEiSMqw/Ou4XvRareP\nIqBvIfh3rI9W9M7EBhj2kL8QAxmo7/tV4brcc7hkJzgkc+VavQGUQSZ3Alc7l/7/AO8VlGhe3mdZ\nMgjsasbC8aO2Cr33d8d+38qd9Mf4rpWhX0p6qsPCcumwQqPmOf416VsF8S0icDgqDzXlj6PxNP1H\nYRgs7bz585wa9X2SeFbRR/2F21hn7XC1gBVmz2xRGMVLiwYpfkKZOKz0cRXQU26DyFSm86aYUGis\nnFFqMey7kyPMH8qfYc1FkvBfu0ips2sUIznkHvS0EVl5pBzwBUhximmXikDZ486es72PT5DcShmR\nFO4LyaZIGe1MXSBreUHsVI/KjejSY5FfLJnY3Iz6U4ue9QtJPiWEDnzQVNoFOrzTi8UwDSt2Bk8C\ngJCvg0K5F119IssF+9ho7bPCbDy8ckeQoVpOOp7OlSDNQZ1zU9iPkaiyjA5rPJcU84zcqPRSfzH+\n9IY0/Mv7aQ+WFH6/7VHfjNY0yG7Y8qjR8QJ6EZ/Hn+NOTNtjY57LmmWykYUeSgflU/ZuOfS5IJep\nLSIZysAP4sf5CutadD4NlbxY+xGq5+Qrj/WLfXvpHSDuN8MXyzj/AP2rtcYwBnFbZ/2yJg1GT3pz\nGKIAZpZIx2rMxWigyTH+9/AVL2io1mMKT6sT+dSh9rNVj6KlKBim7rtGPVxTuaam5aPn97+FOlDl\nKFJHFKoFE2ApJ7Yry91nq0mqdU6tcXG4N4hjQY4VVOAPwH616dvmZLKdoseII2K59ccV46kuZJXk\ncs2ccknJOTmt+CedozNSttfJz3py0jM0x5OKhF+f960HT1uWTxGBAJrpyy1BxYdstLvStLjZVLgc\n8k+1bO1s7ZYBCsICDDE+tUOmoxcDlVHrWu063lCg9wftZFctyterjhjjFroVnb/CpVceY21qrZYp\nZCkSqqp9pgMfhVFaRSRqO4XyIBq3sYWAYbsFu1XjtlySVexJBEhRTx59j+dJlkhjTahOM9j5/hUJ\nLeRMFnyO3wn+dTLeyE+OWweD6fjWktrnskNpBDId3cny3d6hX+nQXSnxIgw7dquBpcasdjN8gSaj\nTRmJtoyffvTs/ZTL9OT9W9IQyM8lqmP4VgRY+BI8cihSpx8QOD+Feg7yIEHcK5d1haeDdb0XIyc8\nVON1dJ5Mdzstfodt4rfqiOVl3MFITBzg/L/vvXo+0cNEpBB4ry/9HslzH1NayQr+zDBWxyBxXpy3\nICjHkKjPHVYY3Z64u3t2hRQCJX2EnyGDTgNQNQbDWx8hKtTDIO+Kz3tY2ptjRGSm2fmgynPFVVhg\nNdL6TH88Gp7NmoMACXNyFYNuYOfY4xj8qQPNTRFPHmmpCqKWYgADJJoBBFIkKqpBI+RrA9UfShpe\nmLJHYK15OPhDLwgPz8/urlF/1nrOqtK1xJIBJ/7OQqF+QFXjxWp7aehtGuoFsURpUDISuMjyJq1D\nArkEEe1eT4dVurd9y3E28HO6Nmzn511b6MetZ7q8XTNTkdy4/YyP3J8wTTy4us2JnuutZql6s1mD\nSNHuJZnAkZGEa55Y4q33Vwf6ZNZa66hW1SY+BbqFKjyY9/4VOGPaqt0wV7qNwLws5Rz6baFR5IH5\nbknPcc5oV1emT1u+VPxZ4pl+c+lYeH6XNFuf/E2F7Dx3UKw/UU+n0i9OSEf85LFnykhb+ANceU03\nlaKWPBdu4Y5z9w/lUKUc01a9TaJdQJ4epWmSuSrSBTk+xp1poJ+YZo3/AMLA1lZ4NCujiMjvuO38\neKRO2QQfxo7rO+Md8sPy5/hTN222Jj6DNZm41ak330ok5JH17/6P9lrtQBFcC6Z1RLLqVtUlTeoa\nSTk45YN5/fV/c/Slcyl1iiSAA4U4zXTeK5a0jtp2NeDToxjvXLNH+kqVpkS9slkiJwZYX5Hvjzrp\nem3lvqNsk1pKskb8ZB7H0Poazy47j7OZSptquI1FSAPLNN2ykovyqUsefKjGeE02KbkGXjHzqYE+\nVJaPLg47U7BDIU+lKwRTuyj2etGhtW6yudKvFBwTC4H+k15CUwpbsrZZyc5H317D1WZbPTby5k+x\nDE0jfIAn+FeNJWLSkg/aPlW/B9oy8l2Vk1zMETOfWug6dpyWtjHGq84qv6Y03bbiQpyexrVwvbQl\nVndVZeeTSzyuV1Hbw4TCbpzQ7bMZ3KCpYAnJ/hW70m0tDgpjIXnBP86wK61apMQ0qrGpJxnvzVpZ\n9SWynCyqF8jmiStrZft0e0t1Cr8cchHcZ/UetS2WNRhjjnmsHadSoW+Bg3y86sE1tpMKMY8+c1Xb\nTP8AFa1kTxiT4n4HBPkanLcxR4Kn4T2I7Vh31PAL+Idv9k+VQJepYoZD4sxVRz37U5noXh37dI+u\nRBcA4z6HFRbhkkBCP5etc0l61s4mwlwpz2HalwdfWbkbZgWxjBBqpbWOUxxbSdGRSBn3rG9XWoaz\ndwAcHNTbPqyO4k2MoKkHJB7VY3iQ31m+zDI4xUZyzyeNmU05r0xeNBrMYB+GU7fh4wQOK9QWDN9V\nj3n49oz+FeUrWNYdYkhnyBBOGB9TuH8BXc261ea3eGxsipVAC7vz6cADn8a1yxuetOLxhbtF6/8A\npFisb5dL0ZfrF6jgySkjw4yPI+prO3n0o65ZXa5gjubYAbmVQpB86zNr0vcPr87yafqdxA7lgykN\n3Pm3Gfnitfc9I3V/ZNb29rLCCuA0mBj86UmOPitOtym9t90b1Za9T2LSW/wXEWBLEe657H5d6v2Y\n981yP6M+ide6X1uW7vZrV4JIzGUSQliM5B7Y8q1mt6JrmqXTPFrz6fb4wsdsnPzLE96ysm/ByVrs\nnHeoMDH+k7lM91Vv1qn0rQb+0YtPr+oT9gQ4TBx7EGrmKzVZDI0sruRtJJHI/Cp6qkSyRzzXN/pq\n1W8s9AitrFGZbpyjuuSRgZxx610PwIyeQT82Jo1giU/DGmf8IpyauxcXlbTem9bvrmFBpl4YTySY\nmGOPlWusehtcMykaQQvYmXj8BXoEDFKxVXLd2eM1NONTfRXLMCIv2Sso+J2wQf8ACCf1qx6f+jCb\nTL22upNSV3gfeoCn8K6nj2oY+VO5W+C6z2h+BKVwZFHyX/es5L9H2gz3clzdWhuJpGLM0jE81sMU\nR49KmeD1FFb9LaNbKBDptqoHH2BQq7JHqKFPY1HjYJfbRhiSTxlRSZZ/BYrNLCzeaqCal6nI40xx\nFkHHODitb0j9H2kXVl9Y1a+KzEAtGsyqAMfjRNX2NX6Y43CEZgeKQHsudrH5Coj3TpJuUSo3kQeR\nWi6y6Rs9Lia60S7E8ceTJEWDke4IrO206XNqDsXeoOWHn6Zp2Y/RWWXVSI+odTg2mPUbxdo4/aNx\nTv8Ax1rqAqNSMikYw6Kf4VGljUWgJGCRVQ0aucEc+VLHGX6GUsWOh6c2p39vbeHNKC4/ZwrksT2F\nbyy0fT59VTS77RpYmg77e8nPsMfnVT0H41rZX9xbBlmDxosi94yQ2SD8uK6VY61LE8YutobaMTMw\nZm+Zoyuq248d4sF130aNGvIZNPjxa3B+FVBDofT3rWfQ7bTWem6lDKGUrMHG4YIJXnP4CryXVLd4\n5ZrhmliCkErgkepFWXSYE+km+aEwm8YyhT9oKeFz9wB++ozz7Y6RnxzG7aGFQEX5U8oHlRRhNtPK\nFAAFTIzJd0jjZ3IVFGST2ArjHUH0xyRahKmkW0D2kbEB5gcvjz4Ixmuw6rFFPpd3FMHMTwurBPtE\nEHOPevKVp09NK0krQtcgMwIVguAPOrwmP2XXLL07D0b9Ldlqt6LTWYUsXc4SdWJjJ9D5r+Y+VdRk\nZUQu5AVRkk+Qrg3Q3RtledU263mnSrawxlyS2VlOOM+g8/wru8vheAyPhk24K98jHbHnSy1b4Prc\nfFcO66+k86jHd6bpaxLZzI8LvIMs6kYJHkODXI9Lthc6pFGcFSc49q6dcfRjfzz3sltp1wI2lZoS\n427E3cd/asN01alddmjcYaFWBB7gggGtZqY3QmFmU21U10LCyPhAeJ9ke1ZqdJ7uVnDMXPmScmrv\nVXVnx+6gx86g215GkpjhiMj+vYfjWeN068sZfdU8ul3rcjJx5YpgW92h27iv31rG1S3hQ/WLq3Rj\n+4uZCPwxVLdajHMxMTQyD2+E/nWkuWmd48N+x6dcT27qpkJXI4zW10y4e5VQHIAI4FYMuHwUBV/S\nuh/RnpsmqyIoTIJAyfSoym3Tx3rErVPFhgLKT2/KsRqE0skjAk49/KuzdfaGtpYPsT4kU4x7Vw+4\nZzIzyA7ASAKJNXR3OZY7Rf6P8aTJZsVeab074igguPkcVUpeNG+TtUegG41otB6s0q3GNQN0FzjM\ncSMPzq72+mF/HPa90rSzasG5z6CtHo0pjm8NQdr/AGhnjPrVVDq1rfFW0u6tJ07iNkMMn5kg1N02\ncTTqcMjA4ZT3FZZZZeqqY43zGd1uyaP6QbeGJSRO8b4A75b/AGNeiYIERVIRQcd8VyOKwS4+kfQ7\nhlLL4bZ57Fcn/wDsK7CM44H41VviObKaypQUA5oxj2ptsg96NWz2H3mkRZ4pO7Bx3owDj1NEw884\nNMDDHOAKX8zTKnninBwOO9Blg+1DPvSOfOlIfUUAsH2/GlbvWkAgmlZFADcKMH0FFx5UYIoAHJpJ\nA8xSiaQSTQAz91CiwfWhQHkqW3VZfAlZWVsZKnOBir/TLbR9CnuYr5pbmS8gMaOgBEYLDlueDj9T\nV70N0JqUguF17TJIgYHjjeRgSGbgEAHuB503pX0VdQReJ9YlslWQnf8AHuz7/ZNO62rjy17NHRtL\n0ezkmWZ5Ny8ISCoHn86Z0P6MdQ1Lpx59JeMymcK0Urqvw7Rls/M9vetHbfRJdeHFFPrCrboc+EkR\nPnnGSa6fp+m/UrRLa3ZY4lULtVcfxox1L5HJl2nhwnq36L+odB0T6/NHDc2sS5la2kL+EPVhgce9\nVv0a/RrqnWzzSwSR2lhAdslxKM5bvtVfM4969KiKXwmia4lMbDDLngj3FLjV4rdYI5HSEdkQ7R+V\nVLjKy832w2gfRjZadpN/pkN5cak05+KaNBEsbeRySe3euW6r0fqdnrtxYQyTXYgfYZIkYqT3P/ft\nXomOFEQIqgKPIdqWFUdgMewpZWX0vHLqyX0bdIWljp5m15hKz8Lbuhb/AFD+FanUdM03AFgZI0AA\nESx/CAPIZxin+3YGgATS8a0WVuV3VWlpMBwkYHu3+1OraS+bovsFJ/jU9hxQ2nFTqFpFFp6yt9wA\nqqi6Q0KKeSVdNg8SQ5Ykd/u7VoNtFhR3NGj3r0h22mWNqoW3s7eMAYwsYFS1CqMKoHyFHke9DPtT\nJRdQdR2mkOYZlaSXw/F2JjO3kZ5Psa856Tbxz9Q65eD445LhinGMhmLdvwrq305swg0jwsCUvJz5\nlcDI/Suc6HGY4GkYgF5C5Pr/AN4pW6jfDj9ZI+q6M8gOw4OM1kbywuIWMaupA8u1dZijjnTa52sR\nwRVNq/TbSnehGfI+tThlpvnx9nL2053m3MwTPfufwqxsdPt4ImR8TMxz8Uf++RV3Lot2HCbR38jV\nvpfSd0w8S4zGg754rX8n7Zz48l8M5Z6I0s4EBZRnLA9lHpXffoqsbfT7SLZHgjuawOmacGufAt1G\n1T/3muz9Dab4Fm3iAZ2HPr2qMcu2S+TGYYaVnVKLfFoxj764n1Z0zNbSMwQmEnJUeR9a71q1oyXb\nMudnlkVn75IbiQwSgFXGCD5UW6u04+cdPPUMa2kjIwZCQQeBn9KippEBdGR5RzkgqpzXW9e6FkkY\nvbp4qZJA8xVDF0XdLIA3ir/kzWnalcMb7U2kaMZp4SJDGqgKAmMn08q6pougLGiOzu7Y5Ld6jdM9\nLR22JJ2O71wBWxd47aIIvJHvUXz7Gpjf6VLL4On6vYXkmAI3ZCScY3L/ALCtzpt0l7ZxToTtcZX3\nHrXOeqibvRLvaeVwVx3BzW+6ZQjp7TQcA/V0z+AqfpnnjrysyFHYUhfhYlcc04FowtOM9kZJ86MC\nlhKMJj0p6LZO31obacAoCgbICmlBTSwaG4CgE7D6UoKaMMKGR5UDYBaMrSdxobjTBWKBWi3URY0A\nNtCiJOaFAR8+1Hmkk/dRZ9Kk9FknPAoAn0pOSTxSgfUUwP4j7UPvpLMaMZxzQB0ecdqLNFnNBFgk\n0f30gGh59qAJjluDk0sYx35oA/Khk0EBwfWjIpODmhQAwT5jFGR70M4pOaCcy+mqPeNJb+z4p/8A\nprmFnIPDQE9s/rXV/pgVjbafLtLIniBsD121yC/ia1uDFv3Dh1I54I/hzSvnw68L/TF/ZM7HwlBD\njLcnsKvrRSjp4hJA7g/lWQ0u9KOC/mRyOSa0Kalhg0eRkYYHyrL065NxrYltgu7w0ye+Kp+oL0iP\nwoBiRjtCiosGpMVyR8OMZAzUW6WZkknQ/tUG5c8U9iY9U2wEeiPCbmUGWRcsa3mjdSwCEkSAcete\nceoNfuLm4GEmZ4zgg9xU3S+pnEQG8qw9f408ZlPKL0y8V6NvddtrpAokAbtVLq1pKtv9ahYHHOa4\nTd9YTR3KCN5HwcttHArofSvVsutWosoA8jsNpG08Z8zTva+aiTGeq2+g6ws0f7UAOvBB9avozbTH\ndtUmuePZ3OnFZByBwxHrVjbaqQOSw9DVY5a9jLimXnFd6vJEoYxkqR3CjistNdtuKfvDzzVhc6s0\ny7WQN/ZbNU9/IrDdt3gnK7f50sstjDDr7SHlE9u0P7zfCfeun2IEVlAg42oo/KuSaV4k19EmOxyc\nnyrryAeGg9hQ5+W+TgalK1NgfOlDFOMS93vQDUn4e2aHw+tMHN1FmiyPWhnPagFdqMCkdx50oKfO\ngFYHrR/DSQAPSj96APIoZHpRZ96MYx3oAFseVFuPpRnt5UnI9aAPJoUWQPOhTNH2A0BGoOcc0jca\nUC2e5pAtQKVjimwT6mjBoIvHtRZod/Ok4oAyT5YogTnyojxQAB7UAqhk8cUeD6UWPU0ACT8qWBxy\nabI5pXPrQA75oefehyKSefKgh49KB4os49aGR70Bnuu7JLzQJGbvCwcfofyNcH16ya0ullZ8o2Rg\n+XPavSd7Al1azQPnbIhU+2RXF+rOkdejjlYW6zW0GXMquuCo88E57eVTfbfjynWysHC+wBjjI5xU\n2C5l4JOEPPHNVEu4Oy58zznGadhnYAJu5pWOnjzaO31AQHM0hx+6O2KVqOvRfUpCGIyAMiuea9qE\niXhVMjaPSo9nqQMJSbJz5GqnH9py+Ru9Ym61deJN48KEEnBOKhK27G8fFip66nbsPDbaoIGcCplv\nqVuqBJIYZYxwNygH8RVTwnr2u9qu1ie4lVY4yxJxiuudBNb6RZlPDUTSEFiB+Vc/XW0gKmBFiUdh\nGAKubHrCNQwkKSZGDuXBH3iq34K8d/bpd1e2ImlkAAeQAN749azs9ynjFUkwp5B8vvrnmvdTgEfV\nZdysTlcYIHpTmjay13hSTnHrWeWN9tOPlkvWukRXQjhXEm8+YzUa4n8WYkAqpx8K8VS2Nw68tyuK\nl28uWJY4buee9Zrzya7o6Dxr6WZjlUAXn55rpwHHBxWM6O0Iw28d5NO58YB/CAwB6c1sc8dvxq3D\nndnQwXzzSgd1ND7qWCacQUF9qPt6UWTQpgrz4NDJ9M0nFHigFbj6Ue4jypIBo9ufOgD3e1Fke4ob\nfei2c96APj+1Qx70QWj20GHegRQ20CDQWyTQoiOaFA2YzR7vSm8k9hR80GVuwKUDSOAM0AfQUAsE\n5pWaQAT5gUe31NAHkE0YJogKPHyoAfETz2pWD60a9vKlcetBG9tDbzSyV9aGRQRO2hg+tHx5UM0A\nRzSSTnjtR96B4oBPNIkUOjI43KwwQfMU4zUjfQHmDrfSZNF6gvLFgRGjZjPqh5X8qobeb4l3MCRw\nfeu7fTH002qaamqWke65tFIdQOWTufw7/jXn+XKsTx3xTk21wz0euLeG6vAzYxnsKV9TFu29UVwO\ncEU1ZfE/YVeQ27tCCBx3NFtjXjkyuwsbjSLjHiwoknY8AZq2Wz0A9wgyPSs/d6A1yd0Y2t7VHh6S\nvJ+BK+D6Z/hS3/Lo72f4t1aL0/brwidsfZBpV1J0qrbzY20kvGP2ff8A3rJp0NqX/TmfHu1WundJ\ny2h33JZ3B5Bp7sidzL6UPUWm217cNLZ2i28bHICjFV2hRC2ucEZPb271uNUtWigI2YI7CsgVaOTc\ny85545py7jHKTHLcaRbobEwRu5Wrbpa0k1PV4LQs7byGfjkL5/lWSS437TwhXjkdzXY/on0c2+nv\nqU5Bln+FPZRUWaRlybdEgURoqL9kDAqQDUUHjvTit+NTtlo+CBRg0xupYNPY0eBobqZzzR5qho8D\n7UYPtTIb0o8mgaOFsHtRhs03z7UYJoBzcaIk5ogSRRc+tAKDGj3Gk5PrQGaAMs1FuOKBFJIOKCGS\naFIKnPehQNI2TnvRg8cmmwuRSsUjL4ow2O1I4AoDmgHA2T3panimlAzTgpg5kAUXFEDQ70AsH2oZ\npAz60eTQCs+tH3pIodqCGOKGaKjpAMmgaKiNMEs3NIJpRBIosYpAl+VIPY+VeXvpQ0pdJ6qv4rcB\nYC4dVHYbgDj869QmuF/TbaL/AMRBuD4sCufnkj+Apz2rGb8OT2d0Em4zjzHvWx069jXAkIwR3rA3\nMbQykcj38qft9RZF2kniryx7RXHn0vl0RrlI3zE3FSo9XWHBAHzrnUeqkMQWyKcbUyRyaz6WOuc2\nNdc0jXYzy0mfYCrX+k4JcllH8q4xb6wYcHIp/wD4jfxFbeffFHXJOWeHt0LUb63ZH3qGwawmsXKG\ndvBPGcfdVbqOvvMcRsBng1AtTNczBFDMWOPnV446cuefa6jR6La/XrtEUN4Snk/pXo3paMR6JaIB\ngBK450tphs4kEuN55x5Cu09P4/om2x221GZ61Fio4pYolxRipSPNKU0WKPNOArINDtQ3UM1RDzR5\nNECKUGFAAE0eTmhxjvQGPWgFgmgT60QxSsUAnPuaPd70riklR60AW+i3UNtERigAWoUnHqKFBowJ\n8qPJ9KMH2NHg/KjRCGSeaNsg9qH30RJxQClyKcGR3ptTS1bigF0BRA0AfagFE0O9Fu9qMEmgDwaG\nDRijyKC2LHtQwaVn3os+9AJwfWiOaXmknPoKCJOaSc0vPtUe9uoLO2luLmVIoYgWd3OAo9TQNltw\na4x9Mlxa3Or2wgnilkii8OVUYEoc5wfQ81R/SV9Ls9741h047W9pyrXHaST/AA/2R+fyrA9LzNPa\n3JckkyZJPyp5Yam18WW89BqlrkZA+dZ6eFkJx2rcSoHjZSODVFdW21iDyKWObfk4d+WeBYffRiU+\npxVk9mGOQKQ1jjyNa9ow/Hkg+IxHnj0o18RztXPepgsSTjFWNtZbR2GfWlcpBOLKq+008u2ZDx71\nvOltKSPEuzJ8ifKq/SNPEkoLruUHsexrZ2UZYAABVHkOKzubox4eqzs12kgfjVdJ9Id90v1abK5z\nc6W6I3hH7SZ7lT93Y8fLvVzbqqpxjPpXJvpXzH1HbyjjdCBn5E/zp4SW+Uc8sx3HqXRdStNY0+K8\n0+USwSDgjuD5g+hFWAXnmvOv0RdVvotwEmLPZT4EiD90/wBoe/8A36V6IidJYlkjYMjAMrA8EetG\neHWufHLsXihih99A8GpUG2htz50Wfehn3P40wUB70YU570n7z+NHyPM0AqjpGTnv+Ioxk9sGgzmK\nMfOm/i9KHxCgj1FTYZvShuNAKP30RPzoZPlRHcfOgCJx60KLPvQoMyCRRhjjvTePegQfWnSO4NHt\npsD3pYB9aQH28qANDLUYY+YoBxSMUrIpoMfShvI8qAdJXHlQyOKbDH0pWTjgUEXxxxRnGKQGbzo9\nzYoBQoUksTQy1BFYoiPSiyaIsw86Aiavf2+labcX164jt4ELu38B715a+kf6QtR6nuniDGDT1bKQ\nKfzb1Nbn6b+sWvLhtDspB9Xgb9uVP25B+78h+vyrhdyf2nJznvW2GOvLLLL6MSMWJ3HNabpE7bWQ\n+Rf+ArLOc1sNAi8PT4QRy2WP30ua6xbfGm89r3buXjBqFcxbuanQZC8Uc0e5SSK45XrddxTLCCeB\nRiDJ5AxU14grDg0pY+x8zVdi6IyQYA+ECplnZmZwoGR607DCCf8As1dWCCNBhDk+dK5H00k2VqkK\nKmPKrOHjsMYqLFwAMgVPgRR8R7+tLYs0kQg/dXLPpZIkvrcj9wGuoyzBEJz91cp6/JmvF9QCK247\n5c3PN41A6PnCuFJI8v5Gu/fRv1NElrLYajcxxLF8UTyuF481yfT+deddAk/52NRgcbeB6VtBGs45\nOcAcA4P3V23Dvjp5Hbplt6El6n0OJsPqtp90oP6VM0/VLDUlzY3lvcAd/DkDEV5quYxGeD29+9Ug\nv7qyvSYZWQZyMHFZ348n20nPv6evQPlQx7VwjQ/pP1WztEilMN0B2aYEt8sg/rWmtPpVcqPH0xW9\nSkuP1BrP8OUaTlxdRAz50oDArBWX0naRKyrdw3NsW/ewHUfx/KtDa9WaHdNti1GAN6Odn/1Yqbhl\nFd5ftfDtQ+4U3DPHKu6J1dT5qc07n2qTCiPNHu+VJLelB6KHFHSO9EWC9zigaOYFDFNGRAO4oI4f\nlWBHzoI4QDQpOfehTCuW6iPk/wD8Nv5UYuYged3+g0SN86cU+tIE/WoQeWx8wRTi3dvj+uQfM4oB\nvSlKaAH1u3/+8R/6hShcRntLGf8AMKBCkeVJKpjlAfuoB4PxwVP30YLE8CmfBib7UK/6RQNrB5Qp\nn/CKAkgN5ildvSoYgi7eGo/yilCCMeR+44oCVzzihk+tRTGvZTJ/8Rv50Xgf3pf/AIjfzoCYfnRH\nPqaotT1vTNJyt7fiJxzs3lm/DvWK6k+k2GGB49FEjSEYE82Ao9wO5/KqxwuXpFykdGv9QtdPiMl7\ncxQoOcuwGawPVP0paZa2NzHpLSXF1tKpJtwgb155OO9ch1PU7zU5nmubqWWVjuaRzwP+/SqC7I27\nI2P8zW84ZPbK8tvpHvJnnneSRtzsSzFuST5mqG+YCbjt3q3fPI5z6VX3cSvOnpjtV3xEzzTNham4\nuEBHwk1t0j8NEAGMDFU/T9qHlJPkK0k8BIIHl71xcue7p6fx+PrNjgbgCllsdjx7VFjUqcE8570/\nzjkcVzu+Fhxnk05GqsSAO1Rm59aeSQA4HBqlaT4FC4xgegqYknGDUGJi3y86dUknHp91IVYxSfFw\n3PnzVhFIShOePnVRAmeT396mRvkEY7UVOjlzKQrMfIcCstcaYL2YzyAsgPA9a0MqmciMDv5VIv4o\nNPsGaQkBRwAPtGrw39MOTWvLlNrbFdanCD9mrsOPLmtRATyGPOOKqYyj3kropXcxJI9SatYf61CC\nSpGCK9TCajwc7u7S5dstq5A3Oq/PtWT1YOzBhhh5EHgitSJWSQbEBH41V6xpK3BM9sSCeWQH88el\nVYmVUWzuY1IGcHIqwtrqRDtfdt+RyKZtbeZF2RxrkchsZBqdAjKCZ3Xdx9jNTFezy3MbMFAY5/un\nipSLN42/ZhfeoLXSJ/Vjaf7WaTHqDMWVz+0H5iqokaK21C8spQ9tNNGfNo5MZ/OtZp/0j6jaqkdy\nYp1HGZkKsfvGK5rHqD7F44HrT73QcfArAjyIqbhjfapcp6d10brzTLx1jug1rIfNjuX8f9q10brK\ngeNlZGGQynIIry4krMFKqyevxECr7Stf1XSZAbW7lVByRn4Sffy/HNY5cEvprjzWe3ofj1pqdcge\ntYPQvpJtJkVNYi8F+B4sQyp+Y7itfbanY6lB4tjcpKo74PI+YrnywuPttjlMvR1lcj4eKXaIFkY9\nie9MM5I9/UU5aNIJcMNykdyOaiXyupbDFClZ9RQrRCmSUelSUcMKrlx64qTCOO9RaImAA9qUFpkA\ng5pxGb0pgvGKAz6UA/rRhhQB5OKMNx50Bj1oDHmaAUGFDdVD1B1VpGhq31y5VpwMiGP4nP3eX31y\nrqb6S9UvS6aaBZ2/YbeXI9z5fdV48dyTc5HZ9Q1Kz0+LxL25jhT1Y9/kPOuZ9V/SXK6S2+iRFIz8\nP1hh8XzUeXzP4Vy251u6uX33U8krerMSfzpsX4ONxzW+PFJ7YZ8lvpInuJ7iV2y7TOTlnJLE/fUi\nCzSMgzDxJCfsnkVnb3qWe3meO2t4Qinhjkk/nTA6tu9pURQoT+9hjj8613GerVzqrkTFTjfjsMYA\n9KqXy2XyMYP3VT3F5LM5dpmdm884FWbRsse0MxwOSTnPFLez1o0+SCSO/FQLkESoVBIz5CrAxtJk\nqB7D1FR33I428NnmlZsb16aLpdUcnactjkeYrSSxZCnue1YGxvHsr5LiMkOOGHkw9K6PaPHeWMdx\nCQyMM+/31w83Hcbt6/xeaZzV9qqSEZ4yBmn4bUulWD2SyLuCnP607Z2+1ip7mud3RTyWzAlcUyYS\nhGR99attO+HJXJ9qhT2PB+HHzo2qXamiVmGOT79qsbNc8MBSVh2kgjH3VPs7dQu7jFBXwNIiccYB\nqVHAccA9qjXGrabY5+sXMYI/dU7j+VVN513BboxsrZOP+pOf/wCo7/jWuPFll6jm5PkYYe619jpx\nhTx5iEA557YrEdU64l0kjsxjtY/sZGNx9azmu9f3eortndpU5wmNif6R3+81jdR1Ge+kJlclewXP\nYV18XFMPNed8j5F5Z1npqIdUsEOTcKCefsn+VaDTJ47onw3jkHfKHJFcr2nntTsMk0Lh4pHRh2ZT\ngit+zk6Oo3TyQS8gFfI4poXozlQQfM4rG2/UuoxII5JFmTHaVQ359/zp9+o5ZCCLaEN68kfrVdk9\nK1N/KZYmkUYYD7QPlVE8zMw8jzUeO/uJoiuIlGMZAIP60qAblK8hu4+dTfJyaOrJJnnn1p427SBX\nQ7ZFORjzFFAFIznv3BNT4yAw2jK96ejpFl8eVY98EjyJqaFK5JPA9agyKI59wA2k5HFWJAEZLYJJ\n8vMUyGrFuMEnOe1TMiTjOCOarlkbeNinj8afjckcZ/HzphIj74zhvP2qy0/VbmxuVkt5Skg8we/8\n6qmIVCXz2x8qaDl+Q4Q9lJHelqUb07D0j1Wmq3S2l9KIJ3OI2AG1z6c9jW5js5UbctyfvQGvNttc\nSRT7/ssnYj1rrPQnXQuwllqzgSfZSZj39m/nXPnw68x0Ycm/Fb1o7odp0++L/ehT++hWLVk7C7S7\ntIbiE7opUDofUEZqxhfmuf8A0Rah9d6ca1c/HZvs5/snkfxH3VvkGPOss945WDHzNpykECnV70xF\n9nuKWMjzomR6PY9QKPaPemQT60i4u4ra3kmndY4o1LOzHAAHnV7LQtSu7fTrOS6vJlihjGSzH8vn\nXJuqfpHnvGe20ctbQdjL/wBRh7en61nOv+sJdfvCFLR2EZ/ZR5xu/vH3/SseJvNPsn0rpw4pPNc+\nfJfUWMjySyFnbczZOSck+uaYmPw8+nemopN2CeD70tsYIOO1bxhUCTJPGajMXQdh2qxYA5/DFR5Y\nweDgGkcqsb4/tDJ86YlhRvn5+lTpYsZyeaiSKxJ4PB71Ktoj2p8iKm2uoiOPw7ldwHG4d/vqO2Rk\ndseVRGwc+tA9rhr608L9mdvOcAVHkvYAuWYM3mV5NVLA7QpH3UjwSe2QaNjSe19ljiMY+fNWuh9U\nTaUz+HGHic/FGx4z6j3qhFrPjOMihtaM/ErL91Kzt4q8bcbuOp6L1hZ3biO7ja1J4DE7lz7nHFbW\nzt1ZlkUhlYZBHINcAgu0RgWIradLdYNpKkPmWz7lM/ZPqv8AKufk+PPeLt4fmX1m7A0GFzlcD1rO\nalr+jWvEt7EzZxsjO8/lXJ+p+ttT1uQr4pgth2ijPH3+prKlnbOWNLH4/wDzKz+brxg65qHV9kAw\ns4C58mcgD8Kzmo6xcXKnfdEJg/AjYA9uO9YUBiOWI++jJY/vMfma1x48MfUcufPycni1aX1+ULJA\n2fU1XTXEsx+I/dTajHzowOK02x0ILxzmj2+lHj8KUFJGRR7BPHpmjx60tU7etGFHegyAtPom7ijS\nPnkGpUcBzkZ/CnobSNPBeP4Rkjgjzqwi9PtcedR7CLw5MvwG9Ks2hwcqBj18qqI2r7i7ispMS8B+\nwxmnI9as/wB52z/hNaDou38f6RtBjKAnE5+IA8iJjn7u9dZ0u11UdSXsN3p0CWEYBtpMgknIzuHc\n5Gc549MUrljjcZf8rr/1/wDf+2/0x5OW471PU24VJq1i8RAZ89x8J7/hT9trtkbdUeRsrxwprRdD\n9LdN6pomrXGr3EKXcV3LG5lvlt/q0AiLLKBglsuNvYjjGMnNaS46T+jteprfSbUyT3awb5UjvAsS\n7o4WUyNIy7jlpfhiLEAAkcMKXay6azzNudHWrFTkSP8A6TQXXrIjAZsf4TWu6U6Q6JvJ7tNc1dbd\nYuohYwNDceMlxB5IHAXg5B8XCjAJ44qVafRBpF3ZC+h6lUjwpLh7WARSSIMqVUEyBezEZJHOOxyo\nXenIxcmv2IjIaRif8BpEev2IUrvYZ7qVOD/KrvTOlOnk07qESzw6xc2OpTWniJqUVoEtUjYrcqGJ\nDbnAGPiHkOSDV4v0O6EsUJn6ygPiJGMxRxuY5Gbad37QAqCVOQTxnBIwafejTFr1DYqMCRsf4TxT\n9rr1mJ4/BlYSMwHKnHer7Tfow6evrdJx1nbwrLcWkccMsaiQRzLAx3YYgMBM3nj9kffbVzdGaRF0\neOo9N18StHdIiWM6Iszp4nhk4V2wcjOPQjgcEnbYdj+jrq76yg0/UZQSq/spGPOB+6TQrksDbFB7\nH1FCpy4pbtpjyWRs/oOhkTSdVvpFxDJIoU+u0En9a2mkdV6dqKFo1mjTICs4GGJ8hgn86sui7GCw\n6MgtII/2SW525HLNg5P3nNee+i0uWvmhmaRYVhYsRkMgGQMH0yTx24rhlnJvKurkxvF1xn29ENrM\nENvvWOSVuMRoybjzjHLAcfOhddQ2dpD4l0ssQ9G25PHlzzXIrW4lu5RbpqN5FgZHwpkge+O/FV11\n1Na2ZM+mW8k96Mk3N9IZnT3A7A0sZv0nkz6XzXV5+u7SCZ45NL1RVRQ7SOkaIFPY5LgVg/pC64XX\nNNS102OeG3I8SZZAN7jy7Ejb596yOt6rrGpaZplqJLmSW4RpHC5JfLMAMeYwM/fUjVOnNWt/qZuL\nVvgUIWZAu/HbPr6fdWuP9NlYXkuUpyHpC8urOK5NxaIsib1V2IYjnyx7fmKrh01dyxyyQzQMUQvs\n3EEgDJxxjtWx0vU7n+iQ2p22EgzFGAMFm7HI9MeY7elSA+nQx3i2FnJGrpsJZ9x3HvgZxt98/dV5\ncuW/Axxxs8+2R0/pDU7qB5Ums1CkAhpMeWfSpNj0bql3dTW6TWe6JipJlO1iO+Dg571r7DW7FHke\nYXMDBjuK2xP+lgvbOTyaor/Wi+qNLDFK9qs0kgYEKXBPnmlebk+lY4Yb8sReH6tLNHIVzCWDnOcY\n7/pVK2u2/wAQVJefYfzqZrUu9L1kBUNvIXuQDnvWcsdLur6x1K8t1VodPiWaclsEK0iRjA8/ikWu\nq5MNLB9Zgbukn4D+dNzarAUwElz8h/OmNT0S80vTtOu79Y4RqEZmt4mceI0WcCQr3VTzgnGcEjjm\nqtVaWRUj+JmOAB5mjtRpYNqMOPsSH7h/OopvY/7L/lVgvTWo+Jr8VwsdvPocZe8ikb4gROkJVcAg\nkPIPPGAeapNgJqdmkm8jPdW/AU4l9GvID5+QqDtGM0W0gnjtRs1suqxr+6/4f704NVhP2o3I+7+d\nRIdJnl6fu9XV4vq1tcw2joSd5eVJWUgYxjELZ58xUEDgGjtS0uHvLB/tQP8AMAD+NRpbq3RSkSyh\nSfPFPaFo1xrT3iWjwo1rZzXr+ISAUiQswGAeSBx/CmtC0a5128ltrR4keO1nu2MpIGyGJpGAwDzh\nDjyz5jvRsIrTwjOFcEUgXSA8qeKaIZjg4z+tNlCDRs0o3SejfhQ+tR+jfhUTFDHFIJa3SD91qMXS\nAHIY1ZdKdMXPUs8kNne6XbSqyIqXt4luZWYkAIGPxHI8vUetL6s6Uu+mJhBf3mlzziR4pIrS9Sd4\nnQ4IdVOV5459DRsKv63GR9lvuFKW7U8BWzUIDPAp6NMCnLQlC5TPKt+FOR3UYbO1yPTA/nVp090z\nLrt1o9pY39j9c1K7NokDu4aE/Dh3wpwp3cEZPwnjioOjaVcatq9lptoqtdXc6W8QZsAu7BVyfIZI\no2Wz8Wo22AphcepAH86mx6tZDAaKbHyH86OLpDVperJOmzbCLWI3kjaGRguCiljz2xtUkHseMd6z\n/Y4P3U+xNPFrNivaKb8Bx+dSE12zVcGKcj5D+dY8vscZ7dsVddT6Lc9N9QXmkXskMlxasFdoWJQk\ngHjIB8/SnMqNJ69Qz2WrWepaPI8N1bbtruit9oYPByDwSOfWrCL6TurLScTQX8atndnwEIz8iMVj\nN2DwastD0m617UFsdOVHuHSSQK7bRtjjZ25/wqanLWU1U3DHK7sVrytIzO5yzHJPqaMNxTW3Hc8U\nYyrAZGCOKFlHBJp+2u57ZJkt55YhLGY5PDYrvQ4ypx3HA4qz1DQJNOju/rl/YRzwWtrdrDvctOs8\naSKE+HBKrIC2cYwcZqjkYD50AksfEBXkinUdHxgYPnUeMncSOTTysM7gMGgHgcd6fs+b23/94v61\nE3ZHPFSbI4uoD5+Iv604VdEdlXHJx6ihVfLIXfAJ9eDQraVHl6W0a/t7zREmsH/YNEfDbGOw9DXH\nrzra309I7NtNknnVALiTjDcD0z55rpHTAEPT9vAnZIAvBx5etc2tbctMxa3vGdCN22WO4AOfQ8ny\nrx+CS2vT+Zcp10rZOsNFt4TLYae4uiSNrDCgeuaro9W6eZlK2t5C+MMqsCpBAz3+VaiTRLB4ENzB\nFGXZstJbMjA89yvA86yPV9nax39o9tJZIm7DCAnOPVlx866ZMXBn2k9undJNaWui3+o6CsN3qkVt\nHDbxyEFlAUnGPU8njHarLpbUtT6h6auW6jg2sJikbGBkIwM+fceVcpjkutP6qabTb9rDayrmNCyl\nSMgFeMjH31aNrnUuszxJqUsEkCudkFsREc/JjknHl7Upx2ZS/TX8k6a03ugNG/WmnWbIphgabb3O\n74M+foTj7qn/AElzKssggIEkUP2RtBIbAz654Ncx6sS5u7S1mspVW6QElbdsFU5445z6596Z6aSZ\n9V0yXUnmk/apveZyVKZGSSeMYpZTxuJwyvby6PPHbLorwsiiQqC6sM5OMffTGhaJa3Mx+sw71KZU\nE4xz7VdjUNHmk8KGWxllwTsyvODWRv75brUYYYZZrRw3h4jfDYAHHGM+dYY43F095fTkvUMCpNqS\nJgKrS4HoOalfRbdWmnaV1nealp6albQ6bC5tXcqsrfXLfaGI/d3bSR5gEedRdaTYNSDMd48TLE9+\n9Z7RdK1LVRNHpkEswykbhG2hmY/AnP2mYr8K9yV4BxXp5eo4o6pZaY1/9Klhr9tcyahpfUVvffU5\nZ8bkmNrKotXHYOjFVUDgjYV4OBR6fZ6v0x9GX1+e2udLvR1FbmF5ojFIALeYEgMAcc4z2yCPI1iV\n07Vl0M3axTrpyN45G/AGH8Pxduc43/Bvxjd8Oc8VPv8ARep768v0v0u7m6glEdx4s/iMZVX7Gcnd\nIqggoMsMEEDBqDdE6k1bXLDrz6Ur2+Eq3NvZyCxa7gBAgOpw+GyBhgqMkq3PPI7ULKG96mt+g9ae\n6Ua59T1KSe8+ppdTzrbklAsTYEkoViFyc9jniuLyXUzgh55GHhiI5cn4AchflkA49RQW6uIzAY55\nkNu2+Eq5HhNnOV9DkeXpQHoW0j8fqX6Ob2+TULm7lm1SN5dXtEiuJY0gRkEigtlQXYjcc4bjjFYp\netNfP0WW2vfXVGtRa49lFerBGJEt/BSTwlO3hN3O3t5duK5hJf3ktyZ5by4ecu0viNKxbc2NzZzn\nJwMnzxSltL5tHkuljmOmxTrGz5PhrKykgfMhD+FAdq1yLVdMufpN/wCDLMLcw67ZuBbQhpIEMd1u\naJcEqctjKjIUt2GabksdQfqOHVZnl07qCDpyO81dbHTo7i8Mr3HhgpCSoSUxNEzMMFQSfM1x68bW\nNKvIZZ5L21upFjvY3LsrkMuUkB79mJB9D71Dt9QvbbUPrtvd3EV9uL/WI5WWTce53DnJyefeg3e7\nqO1/4ttZ9ZGpKlz0Zey38r28cV5IA1wpZlB2+JsVRyc8Ddzmq23RE+kaFZPg6NfQ9RfSnsE+H6mb\nSbcVDHmbOd+8535B421xm6XULaOznuHmRLyBnhbxM+JCZJEbz4BdZAQe5yfPJVbT3JgdY7hljhVn\n2mcIAGwrbQSMk5wQMkjPkDQHYE0q9ues7Gbp+4W26YtNMmv9Ha0shdSPEoxIEiY/Hd7j8eSCpG4Y\nCqK0TxL/AE10JqdzDe3F/NY62ssur2iR3EyR2rGMTIC2QN5I3EkqR5EVwfT4dX3aYdOF2rXFyUsv\nCYjdNlR8GDw2WUfeKhT397JOXlu7hptzsWaUltzfbOc9z5+vnQTqLdcdQR/R9outLfINXbWLmzN5\n9Xj8UwLHA6w7tudm6Rjt7c47ACsl9J2kG2666sks7F4tMt9Wng3xxERRku5VMgYHCnA9AaygkkaI\nRGRjGGLBN3GeATj14H4Vo7W91rVemV0S2tmuLafVBO0iqWlmuWjKopOecDxCOO7tknjAaB0eo/4t\n0PA/9eg//wAi10TS7G8k+ljr++srue2k0+4vJmNpYpeXRU3QT9ijEbWG7JcEFRn1rlK74phsJEit\nwVPOR6EVYldY0ySPVd91aTNcSwrOJCkvjIFMg77gR4i5J9fnQHbbsvadRR6lJFO2pN0XeXMkuo2k\naTPIksyo8sYyu8KqDnJwBu5zUax6q1b6p9F129yjXms3UltqM5hQvdxLdCNUkbGWUK7DB459hXDD\nd3JkJ8ebcVKE7zkqxJI+RJPHqTT1it9e3NtbWbSPKhJgQPjYftErk4HbNAdr0C2gsusOi7e1iWKG\nLrHUYUVRwqqbQKPkBXOPoylz9J3Sg/8Aze1H/wDMtZqO8uP2cqzzLJE5kVw5yrHGWB9eBz7CpFnp\nWpPqGkQ2kDi71Bkax2uFaRjIY1KnPB3oRzjGPvoJ2n6K76DqzqexmuZY4+odCjuEZnODe2fgyKvz\nkiJA90I77Kd+iK1vEtej7eWbU59N1WUySWtnpMT2jRGdo3W6mZhuOFPBB2qVxyRXA45JYphLFK6S\ng/bViCMjB59xmnoL+9t7U20F3cx2xkE3hJKwTxB2fAONwxwe9BuqWDa9ZfR702OgrKSdru5uo9VM\nFsLgyTiTEcUwIP7PwthCn4TuYnzq4+lHTrrVbj6Q4dMs5Lu7h1ywlaK1QyMsf1edS2Bzt3Moz7iu\nJWt1eQ+Nb2l1NDHdgRTIspRZRns/IBHz4qwmGtaJeJdvdzW91PH8M0N2DIyMBg5Vs7SMexFAa/6U\ndG1CK56ftk0+4FxZ9N2kt3EsR3QBQQ7SDHw4JAOcYPeoP0Muf/SHaD1s77P/AOzmrOaZr15p9jql\ntFtddQtVsnkcsWjiWVJNqHOBkooOQeCRTVjY37W01/Y8R28TSSPHOoeNNyxkkA7gCZVXtzuPcA4C\ndTg6k1DQdA+jaPS5Y7dLuKX6yVhQmdfr0w2OSMsuCfhPHPyqdqkOq6HYa6OgLST6ynU99aXgsrfx\npY4EK/V4ioBIjP7TjGGIwc4xXJ7TTNVuY9JRLa5dL6QwaeQDiVw4BVPfcw7ebe9RYdRvrWaeW3vL\nmGW4VkmdJWUyK32gxHcHzzQHYetoWQfSGLiC2hmi0jRAUhC+HE221BCY4CjkDHGKsepNPu4elutN\nK1WXVbyLS9PURmXSo7WwjlSaIK1sQxJypbDADcpJPlXD5lvIbWOaZpFhu4/gJk/rFQ7RkZ7AqAAf\nQYpifUb6aOKKW9uZIYozDHG0rFUQkHaBnhcgHA44oCNGMjIbDDyp1OTzjNNrtZcEfEKcB4pg4PPN\nPWxIuYcc/Gv61EZuakWh/wCZhIPG9f1pwNtbhhkk4+dClRDd3PP60K08old+6e40+MPyu3ke1ZnW\nun7HT8PYQNC7glWRjtDeQOe33VptIIhjAYgKq859qmyT28+nKyBZoJucrgiT0+YrxuDd3Y9n5Wtz\ns5xa3qLJFa3E10t2tvgxxzdznPnwfx9qx3W10/8AxGuPE8SGNf66JVOTzjA710bqvpZNRsBqEdq3\n1y2UjwbUZ3YyRn+Ncsc3mp3kmoi3ZY4APGdmZgmPdjn7s+ddvH58vJ5551EvSbW+XUrm5uw/jJiX\nbuGSRg5+QB/StBe3cM/UcoitZIbx42uFlRMxIT+pqB09qVzqN2zWqCK4uHEEZGTktgHOewCgfjmr\nuC5EMkiLbz3Ytm2ukWCxA43D1G7H3Vl8iZ3KdK9v/RsviY48k+RN+Nzfn17k/m/tY9EW3ga9DbP4\ncsq27SXEh5LOWPBroTWsLLGr28ZWP7AKDC/L0rG9H/WbrqjUQlu7ywwIGZwFIJ5OSAeTW1eK8jTc\n1pKTnsi7vvqOSW15nHqRV3HTumSpKY7G3inKPskCgFW2nB/GsroPTEV3pcmtPI4uI5mhXBHAGBnn\n5mttLNKFdJYp4NynDOnb7ga4vq3V2oaTqM2n6fNJHZBy6xY4BJz2PnV8ctlhZZTCzK+mQ1wEPqKl\nh8JkX596gdF3um6fdTXeo3U8VxBtks41h8SLxgTiRxkZ2dwvYkjPAKtL1Vw0F0xADMrsePWldEWW\njnSNU1PWIIrgwXVraxxSrK6/tRKS22N0YkeEBndgBjwTtruy+nNLs1BqtjZdNTf0dqV4uuTtiaVo\niCI1lDokb7vhyyiQtjOQoGAGL6v/AI80q56k1bU7yW5eKbW5tQHjweLK1sQFjSFi37CULkbh2xHz\n8ABhXfTWn2JfSbixi8drHUbuS9Wd3a3ltpJ1WJSCEZT4CDJTJ8bPHw4j9SaVommpq7DSw0ei6pFY\nxtHPIp1CNopjvckkcmGN/wBmF+GUgY+EiFKCPqHTxoOnWH9C2cdxb3TSvdK02/BEXxDMu0sdjZBX\naBjABzVx/wAY29xZdQJqE95Nd30kps5mUN9TXYQQuTwJFxEQuAqgHnAAf1bS9G07VOsraXR4VsLC\n9vreG7kuJS6ONy20MShgCQy7mLbvhz2IG6JrHSsOndBi5S1Et/HcWplvEm3A+NHKxiVQcYXbEM4z\nuL8lcUBfdeNa6lZSpda2Csl5c3lukskEvgRLEWjgj8ORsJuKovKrySq8NWW6P1vSrLSbrStejupN\nOvZ1NyLUL4gRVyrIW4Dbwv8AlLDzqP0dodvrsYtpWaKWbUrGzScZbwllZ1Y7cgHsDz6eVS36a0mP\nSo9Y+v3v9GvbLJs8BDOJGmki7bsbB4ZOc92VfPdQFynV+lanfRXesSTQSx3djeuI7cOp8Ezb40G4\nY/rV2+WFPbjNTb9c3dlZRW9hf39skUESxrE5QJKJdzuMHglCVLdyDtPHFWfUnSlmvUesxxxNBp1l\nd3oIgKRlES5ESBmlkAx8QxjJzxg5LDDdS6YdD6j1XSHlEzWF3LamULt3lHK7sZOM4zjNAbfVestK\nudONrbXV+tgtteW39E+CBDI8tzPJFJndjKCRG5GQUAHBJDvWPWGi6ppc1patdTzhbqKKadWLCJ3t\nmiQsztjAilyqBUBb4V5JPMFALDFOY47U9BtulerrbRIulo5IIpF0/U2u7gvbJIwQvEf2ZPIOEb05\nxUrRettOsdMs4mtmN8ih5ZGhVwZbeUy2rDJ7EM0TeQUA89q56TnypBOGNAb7U5rO86b0q2ubyGHU\n7q0M95IXST4baKVbZBtb4WkUqhVsMCiMRzUfo/qey0fp6/0q8gkePUbhVneEYkjgMciOY2yMNll4\n7MAVJ2sQcaqnFL2nnikG5h6j0qw0id7O8uxqf9GR2EPhw7Ckkd7HMJQ4bIykfGOQcjjAJm3nX8bT\n3cS6hqc1nd3moz3IlyPHjnt444VkG47tpQ8EkDAIrnapwc0W0elBulp1vpltZWKQTXrzWVtPHaSE\nOXty9lLCoBZyqkSMh/Zqowobk8AL9IFvNNbtfXOoSiGbTpkLgSmNo7OWO6cBmxueV1c/28ZbmuZl\nR5Cgo4o0TqGi9b6Zp+rWl3c6nqV3f29tFbzXsiyA3aiaWRw22RXYhWhVd7bSEIYEBMMab1po9oOl\n0EVxbHSbuCeaSGMH6zGt5JKY2yeAqurLjAJ3ZBwpXmMq/lSvtIpo0bq3SfW+iadrsWozveQWpNmH\n09EfwkhQv4sK7JF3gkqwEhKkO/iB2G5qux6/msNOtra0vr6BIUsdixttCGPPikYPG4HB/tDg8cVz\nwZHypRFAT9ftbaJree1uIpfrUbTtEmM258V1EbYJ52qrf5hWm6e6qsLDWvr/ANYu7aWPTILWN496\n5dPDDgmN0fBCtjDDJwG4JrE4B702fhYignUNa+kCFZNVTpu4vtPs5obj6rHD+yEcj37TIwCn4SIT\ntBHIyQODUDVOrNMudP6jhiSbxdRe7aMlAB+0urWVd3PpDJn3x61glP7PGRRcYoDovRXW2n6PP0tb\n6nFcT6bYTpc3CRgbo5kuGljkjycZwSpB7qzDvtIlaV1rodp0/o9nN9buI7W4tLkwSIXMTo5aYqrP\n4eDuJXCgsDh29eYZzkU2wwc4oDpmo9T6dqFi9hqWr3t5O+mm1bUJ4C7GQXazDOW3EbFKgnnOBwOR\nhupr2DUuptYv7MOLW5vJp4g4AYIzkrkDscEVXbjspEZwpoB7IIz2NOZFM5xS1+zTA8+tP23E8WP7\nY/WmcDz707bYFzET5Ov60QNurY5/EChUVrkFgB39RQrXZSaejbJSIXIwTtOAardDkuBp8UaW0dvJ\n/wBWBQFTcSckYHnxnvirq3T9iyZCgrjJ8uK5BBqeswdT3djo86SeHEXub6edUjjiUjMjMcqqglRn\nknOBkkCvI+JO0r0/nZdbi6xrHWOi6IsUcs8dvIeQrAu4OOCQOw9q5l1Fp2hT6bqF/pF6XMg3MQCA\nWPJBHlWK1uGJL0vdarYahJODM1zaXBde/IcMqsh+ajI7Zq86burC20y2huJo3t7y7WJiXCpt89x9\nsiuuSY+Y8vvc7qwjRbHWVtUltLB9uxmgmjfbhie/v6eVaPpDR9a/pGOe8KWLsGbxtpdwfTGcc+/r\nW2vtU6f0Kxa1zaxxJAXigSVVLDBPBzkZ8j71GfU7NZ4re5igsLlp1j8CadXLKyK4IyfMOBS/Jl70\n3nHNa2h9PdQWPSPUuvxanJI/jvGY3VQScZz+Ga19t9ImgT9p5UwcfGgH8a4F1Nbatbas8mqK4iZ2\n8InBDLk4xirDpDp666jeeOGdYvBVWJcHzyB2+VFvjbmuWUy6yOrT9VwaxDdp48aLHlYsfCWBHfk8\nnt2rmLvbXF2zXNrFJIThTtPI8skHvVw3Q2qWTeKJ4JEAwcE58/b2rJyPKk7FFZVjbaWGcAj3/Glj\nq+Y0z5MtSZRm9U5ju1XhAH/Q1V6O+r6dYXmsaPfXNlHBJFaTS207ROTKJGVfhIJBELZ+Qqw1Jj4F\n0M91c896jaDq+m22galpOrW13LFd3Nvcq9tKsbKYlmXB3Kcg+N/8tdVTid0nTOrNQ0+107TbfWG0\nzVLkRxRr4i21xNnjk4Qkbc5PbaScY4Fnp/UPUOpW2gT3FwZ7QeFFbahcGNbfkLsVZD8JJ2jaBk8D\nFXWlddWGl2FjFZaUwkt5rSdg7x/E0D7j8ezed/oThc8AjtmdG1S30jquw1S3hlktrS7S4SF5BvZV\nbIUtjGeO+KSlra3HU6dPX95Z9Q3QtpVa7vbWLUH3sjyCFpZFBwSzlVIJ3EEEjac1E0vTtZsNLj1W\nyuEjAQ38Vv4p8RkRmi8dU7HaxcD94YY4wCakWHUFna9KXWlC3vpHulAlia4XwA4kVvGVduVfYoTv\n6nODtpyTqqwXTRHa2Nyl7b2U+m2zvOrqIJJJHLOAo3OFldOMDs2BjBQVtxousaQLZrK68V5rrwAt\nhOWZLmPaQmF7uN4wy5GSdpODiaNM6i6d1O7RdaOntYRRIbm3vHMYSdfFREaPOVYHdgcHBNSJ+sNO\ns7nTZdB0qRYbFJIktb2cvFmSPa8uY9j+I3ffuyMKBgIoEn/0gRf0lLcQQahokUlrZQ40bUJIWZra\nIR/EXLZBGQP7ICk7juLAU1g2urbXGqWOuyJcGOWR1ivXE7x7wJGOD2LDJBIZsZwcZpFx0tql3L9a\ne7trtpZXF1Os5lMUnhtK3iMASx2q7ZXdkqRy3FTo+rbJLHWQthNFJqQmEtokw+pkyMWSTZjIMeRt\nAPdFPqDD1rqW1uOn7bS9PgvEEVwtzEbicSfU/hYNHCQoO1iQxz/YXzBJDVDaNdpqOo2YCGawWRpg\nG4whw2KbtdM1G60+e+trC8msrc4muI4WaOI/3mAwv3+tS+m9TtbC7vG1CK4nhureSCQQyBX+LHxA\nkEdx6Vcad1LpmnWbRW1nfF4Fu47YPcJtK3EAibxAFGSvJyPtDaDgLkslK/T+sIbMNpGpK14xS2DW\nsg8dh3VOPiI9Bmml0HVX1210h7GeDUrmZYIoLhTExdm2gHdjHPGTx39K1fTnV8B1LU0vl8O31G5Z\nmkkmYCGM21zAVBVGIOJxg7SBtGRiovUOt6bb9W6DdacGvbPSoLdCrSbvE8MlioZox2yBymMjsRjI\nEGHpe8Zw63Vk1h9V+um+EjCFYhL4O45G/PifBjbnnOMc0cPT95/SeoWNy0Fs+nhmuZJZP2cah1TO\nVB3As6gbc53A9uatrvrm11Bri2v4tRu7a6sfqc91NOpumIuBOrZ24wCoXBycEnPYCO3UelXl/qE1\n1p95HDfRGBhHcKxhRXjaLblBkqsQU5+1knjtQEebpXUreC+muxbW6WVyLWfdcISrFtu4KpJKZ/eA\nwfImh/wtctCLgXdn9V+rNdmfLhREJVh3YK7iPEYKMDuD6Gjv+pUvn14C1MY1F4zGgk3eCiNkKTgb\njtwM8ds1Ms+q1h1+9u4jqNhay2osrcWFz4UlvErIUG4D4+Ixu7bmYt3oCttel768szcW0ts6u8sd\num877lolDOIxjyDLjONxOBk8UqPpW/cWUYltBd3RgCWjTBZQJseExB7hgVPBJAYEgA1o7H6Rlsru\n8vYre4+uC7lvLUyNDKEd1C7i7Rbg2VDOUKiTsQBUDV+un1Lpoae/155Da2tqsUlzutrcQBQJIo8Z\nV2CcnPG6TvuGEGY1nTZdMvPqtwUZvDjlV0ztdHRXRhkAjKspwQCM8gGq9RtyD2p6SR5XaR2Luxyz\nMckn1NMsx5xQBseaInypBYEZ86Mcjg80AeQaRN2BFKx6UbjK0A1E2SQe1KzTH2WpxjjmgDY+lHuJ\nFNFqNTQCm7UQ4Wj7j2pJ4UUAon4RTqEYBqOT2oM/kKYSQw70Ubs08YH9ofrUXcal2n9fD67h+tAa\ny2hZfibvihT2/IDY70K10W3pzYXtpQoydh4Pyrzx07KYRrGl6tFcx2eqwR2zXNvF4zW8kcqyo23I\n3rlcFQc4II7Yr0bHEXhdV+0ykD8K4/NfTdN20ekdSWMdvJ4KyROJBLghj8Xw+Z7c/wBkV5Hwsvce\nh8/G2403YazoejWem6XPFaT3sKSGPV4dCEJtm8Bo4jtKCSbDNvZmHcAjJGavJZ4dOtlupdQbT9Sd\nLZLjXH00n6z4bSGRSm3euQ8Q3Mo3+DhsZrnes9Q2801vGsjSxK29yAc/IZHFWJ6xt5+oY7me7aOw\nYgPBMjSLgAcEYxziu3LtJ4jhmtun6RPY6la3WpaSrafoarqb3EBtA0U52SMjNIAVQqCgCsRt2jbn\ndUNeqdKubS7S0QC4mYAtNavMtxH9Vjj27Vxkq6tgOQg3buTjGD0vqnRLzU5X1eHT4odysNts/wAe\nCMcLwSB5kVpZusekIVkNg0fisCRut3UE+WcCufLlzl1MK3xwxs3cmM1S8u7zwIrhZiLeJVUvk7cY\nB5Hv51ruj+pX061na5triZ2KruTnhf8AzNRda6l6a1jTfq81ykL7PheCCQbTnPpz596otNn6etVm\n8LqK8R3/AKtkt3wB7j1pbyuPnGo/Fjjn2ldea+mvtMNxHa3KLgkbyq+R7DP61xwpqNk14JFgeOWQ\nnbLg5YZ7fj+daq46s0l2i8DX7yLbAsRUxOQxHn7HiqO/1fTbqNd9/bzvuOQ9q4AyfXFTxfkxvnH/\nAMK58cOSTywl8WEFzxjKtkHyq0+iy2vpby8nttIi1CytjFNeH+jlvZTGCf2MaMGAMh4zjI25yAGz\nX3hWRZlBA8QMAQMDmqA6fcngLkHzBHNelY5p4dHs7K0foCaW+0/6pYpYXG6T6hGzfXBO/hf8z9sH\n7CGMkNgE7dp31YaJpcEWrpYppljLDb6nFp/ULtbpKLe3iijSSUMwPgqzrcsZFwcqvIO2uWR2F2ky\nOiAOpBB3ClyWF9cSvJKpkkdi7Mz5JJ885qdU9xr9Mdr/AKf0XR7yPS0l1e7iiimWwgSW3tkfY0jS\nKgc7nyMls4ifP2gaeulvb3onVtUfpq2i029klNv9T04ZRvG3vK0wUmNEH7JVBVT/AGeHJx1vZ6hb\nSGSEbJCjRllYZ2spUj7wSPvqO+l3QP8AVjI/vCn1p7dP1bStQm1uCCw0LSzc/wBJzxaMjWUYSa02\nHEpAX9sifs2SRwwY7sluRTumW5fW9YtU6amN5JcWETzHR7YGKMRyJJcfVpkIjRm2ucKq8AM6kjPJ\nxp1zhhsB9eRQ/ou57eEvHP2hS1TX3RaWset6rZz29jextp9+Emkj3BSlrMytGDwCWCkHGRgYxV5c\nWF7F0noH9KdPWghurm0ktmNqLWFYQrKfGu8BszE7jmT4QCfhBUDCnTbrBzGOP7wpDabPnHhAHHkR\nT60NzFar/wACq5sLU6OdLaV74Wqb1vfrRUKJsbt+3aPD3f1Z3bed1O/SzbqxS8XTV0iA3s8VtaNZ\n20Jkh+ErIjwqPEQDC7iXHmHOTjAyaZdof6rn5ikrp10SR4YB/wAQo60tx1dbrQz1R09pMtnp9w31\nrS3WIaXBEiIYkMoklUBpQxblWyO5yMc0OsabpOmdN60LSG3mOoxR6lZu+2SW1tvGiWNA47OTJMjj\n/wDBB7GsO+nXKpgoMHjG4U21lP22cnnuKOtG3S+kdOW40PSY4bWzGizWcz6pfyaXHdrDOJZBtmmJ\nV4AIhGw2up7FQSxq60DSenrjqnpK8nsrM2trBptpeWhChLmaeKAxyMPMnxZWIxgi2IP2ueLfU5t3\n2Bn5inbaxuHb4YwfUZFLQbW51Vj9GVkRa6SJnv5bRpRptsJvCSKIr+08PfnLN8WdxzyTVJa6fYy9\nO3d5JfIl5HLGqQkNkgiTPAHOdq8+XnVeunXRZf2a88csKXHpV4zELGOP7wo0HS7e3ihOhvqWjWLa\nSl/pRsittChvFKEzoZG2iUHHx72IVsAlc4qi6ys5A6TXmn21pdS2O5rK6igsJbbFwFDBIxGHLDP2\nl3bWJ5Ch6yM2lXaglowMf3hRJpd0QCsY/wBQo0bqmpWLGfQpLnSLS31f/wC0NttJpsECSyC3BgSJ\nEytxEsgOx2zvLAfFmsB17EYtYtxPbQ2uoPaQvewRQrCI5ivIMagBG27SygDDFhgEVUDTLvnEY/EU\nDpt0R/Vj7mFGqEHAzSSvxcVZNpl122KT/iFNtpd0Bnwxx/eFGi2hUMn0qWNOu/JFPyYUJNOu0PxR\nj8RRoK+YAZJGaQpLAgeVPyRTKxR4x+NPw6dcOoeOLI/xCkEAjzpIbB7VZf0bcMf6ry/tCh/RNxjI\ni7d/iFPVG0FTnzomPNTG0+dBnw8A+e4Uy9pMM/D29xRoIxPNBVJNLaCXP2fzqRb2c7LlUB/zCjRm\nCmAMVIs8LPFu/tD9akCwuR+4Meu4UlLWRZlL4UA5709WBobiVQM4yDQqomlaTgflQp9j1HsuyA3K\nPLFcE+mud5Ot51Y8Qwxonyxu/VjQoV43wv73p/M/sc0uyQc55pp/jTLHmhQr13lHU4C0tCcA+dCh\nTgPMSI/nTkI86FCnkIWPwxn9KJGIFChVT6SDkvnPkccU6OdgPvQoUfafs9GoLEEnjNLi5kAycDHn\nQoUxDyDPJ7nNNnkUKFM4aUbmGflRgbsk9ye9ChSXSscE+38KZkUCRW8zzQoVU9EcuAAoYd6gyMQO\n/pQoU6k2SXVSSfKkMex7nFChUUzP749TUq3OGb2OKFCkpOU5mHAGM4wPan7flcnuTQoU4Cb8/Bnz\nzSY3JTBx2oUKRz0RCSW59aeHJcHyPFChSxKmnXDsATihKPj25OBQoUUoYKgSDGeaeAyvfyxQoUhP\nap1SJVBYZzR6TKwcrnIyaFCp+1LCbhc+eCaSuQpwTyKFCriKj3C4cjc2M5x99V7/ALw9RQoUjiMT\nxVhbMVQqDxmhQqsfaoOWRgQueKjnkkZ88UKFH0FlYwxqudufnQoUKciX/9k=', 'Doctor'),
(2, 'Dwijesh', 'dwijesht8@gmail.com', 'welcome', 'doctor', 'Medico', '8520090923', '2026-02-10 13:06:05', '2026-02-10 13:06:05', NULL, NULL),
(3, 'Siddartha', 'sodamsivasiddarthareddy2007@gmail.com', 'welcome', 'doctor', 'Med Plus', '9133333337', '2026-02-10 13:43:12', '2026-02-10 13:43:12', NULL, NULL);
INSERT INTO `users` (`id`, `name`, `email`, `password`, `role`, `hospital`, `phone`, `created_at`, `updated_at`, `profile_pic`, `specialization`) VALUES
(4, 'Jaya Prakash', 'dwijeshtatipi@gmail.com', 'welcome', 'doctor', 'Dwijesh medico', '8520090923', '2026-02-10 16:03:59', '2026-02-10 16:04:46', 'data:image/jpeg;base64,/9j/4AAQSkZJRgABAQAAAQABAAD/4gHYSUNDX1BST0ZJTEUAAQEAAAHIAAAAAAQwAABtbnRyUkdC\nIFhZWiAH4AABAAEAAAAAAABhY3NwAAAAAAAAAAAAAAAAAAAAAAAAAAAAAAAAAAAAAQAA9tYAAQAA\nAADTLQAAAAAAAAAAAAAAAAAAAAAAAAAAAAAAAAAAAAAAAAAAAAAAAAAAAAAAAAAAAAAAAAAAAAlk\nZXNjAAAA8AAAACRyWFlaAAABFAAAABRnWFlaAAABKAAAABRiWFlaAAABPAAAABR3dHB0AAABUAAA\nABRyVFJDAAABZAAAAChnVFJDAAABZAAAAChiVFJDAAABZAAAAChjcHJ0AAABjAAAADxtbHVjAAAA\nAAAAAAEAAAAMZW5VUwAAAAgAAAAcAHMAUgBHAEJYWVogAAAAAAAAb6IAADj1AAADkFhZWiAAAAAA\nAABimQAAt4UAABjaWFlaIAAAAAAAACSgAAAPhAAAts9YWVogAAAAAAAA9tYAAQAAAADTLXBhcmEA\nAAAAAAQAAAACZmYAAPKnAAANWQAAE9AAAApbAAAAAAAAAABtbHVjAAAAAAAAAAEAAAAMZW5VUwAA\nACAAAAAcAEcAbwBvAGcAbABlACAASQBuAGMALgAgADIAMAAxADb/2wBDAAYEBQYFBAYGBQYHBwYI\nChAKCgkJChQODwwQFxQYGBcUFhYaHSUfGhsjHBYWICwgIyYnKSopGR8tMC0oMCUoKSj/2wBDAQcH\nBwoIChMKChMoGhYaKCgoKCgoKCgoKCgoKCgoKCgoKCgoKCgoKCgoKCgoKCgoKCgoKCgoKCgoKCgo\nKCgoKCj/wAARCAH0ARkDASIAAhEBAxEB/8QAHAAAAgIDAQEAAAAAAAAAAAAAAAECAwQFBgcI/8QA\nQxAAAQMCBAMFBQUFBgYDAAAAAQACAwQRBRIhMQZBUQcTImFxFDKBkaEjQlKxwRUz0eHwFiQ0Q2Jy\nU1SCkqLxJTZj/8QAGQEBAQEBAQEAAAAAAAAAAAAAAAECAwQF/8QAIxEBAQACAwEBAQEBAQADAAAA\nAAECEQMSITEEQSITUTJhcf/aAAwDAQACEQMRAD8A9TumgIX2HywhCEAhJCBoSRZA0JIQNJCLoBF0\nXQgEXQhAXRdCEBdO6SEDuldCEDugFJCIldCii6Gkk1EFO6GjBQCluhUO6d1FF0E7pJIumw0JXTTY\nghNCztvRJ2QhDRITQhokJoKqaJCfJJAIQhAkJoKISEIRAhCEAhCEAhCEAhCEAhCEUBNJCB3RdJCB\noSQhs07qKLoJJ3ULoREkIQo6BNJCAQhCAQhCATSQgeiVkJomiKLJnZIIhWRZO6FNoSSkVFXYEIRZ\nVAhCEUXQhF1AWQi6LoBCLouqBCEIBCV0XQNCV0IGhK6LoiaYQjZZdD0UU7pIGkmhAkJpIBCEIBCE\nIBCEIlBCQCaEZJCaiUBdF0IRQhCEAhCEC5oTQrs0SEIuho0rIRdDQQhJDRoIS1QfRDRoS+CSGlyN\n0ykstiyLJoVNEkmiyiEhNCoSEIQCEJ8kCQlrdF0TR7JXSQgd0kJXQF0JIRdGi6SETRpqKEEkkkXQ\nO6SSFQ0JIQMpXQldEO6ErougaEkIMlKyaLLDpoJWUrIVEUJ2QohITSshoklKyLK7NIoTsiyJoIIQ\ni6CKFJIiyCKRUlEhCEhCFVCEIRKEIQogshCSoEIQgEkIQBSTSKoLpEpITYYKLlJO6DMQmhc2yQnZ\nBVCRZCEBZFkIQ0SLKSE2mkUlKySBJKSVkNEgpoRESkmQkgid0k3boVUWSUkkQkJoUQikmUlYESjd\nIlK6q6SOiV0HVRREkrpIQCE0lAIQi6oz0IsnZYdCQnZHwVCSTQiABFkIQKyE0rKBIQhArITSVQJJ\npFCkUimUkQlEhSKSoihSQm1JCEHZRETukUyo3VUFJCFU2SEIuoaCaV0rdUNHdF0rIshoE3QhCuz4\n2PJMJJhc2whCEAdUrJoui/SskpJEKxLCshCFUCSaSgSVlJJAkFBQgiUkykqkIpIKSBoSKLoAqJKC\ndVG6AKSEFUIlLVNK6mwJpXSv5oJKNykSki6O6ajdF0RJJK6LqlbRMBCaw3okWTshFIosUKSIihIm\nyYKASKZSQpJJoVZJCdktigLKKldIoqJCipqJRNIlJSKjzVCKiVIpFQiJSsmUIFZJBKLqoRUbKRKj\ndQGyRTKiUUIKElS0IQhGdgJpIuosbdClZFll0JCZCiTYaogKrllZE0ue8NA5krXY3igoaa8Yzyvc\nGsHmSvHuJOKq2rbkfUPzOcc0YsGtGwHU81LlpuY7dvxhxlT00EjMPqQ+UtGQsIsD1uuXw/tQr6Yh\ntXTxVLAOXgd8/wCS4CeV8jrucsaRw2vf4qRbHrsPazTkkT4bI3plkB/QLbYX2lYPVvDZxPTO6vbc\nfMLwgOsPDZHfPaQQqzqPqymniqYmywPbJG8Xa5puCFavnPhji/EcDlAgkzwO3iebt+HReg0PafTF\n7BWUsjGnQuYQbfBN/wDqdf8Ax6WkRdYGEYxRYtTiagqI5m88p1HqOS2CrOtIlIpndJVCScmkQqtR\nKipJFURKSkdUlEQKE0kVEpKRCiUREpKRSQJBTSQJBQhEqKaSaMhCRRdVqN2hOyLLm6EqKgjunXNh\nbdXrj+0rG3YPgeSAj2ipPdtP4RbU/p8U/hI4PjjiaaWaWjpiBE0lubmdd1wEjyXkk6AK6qlc/Ukk\nk6krBmkOrW8ysx1+IySOJ008lVcuOu6LaXJSFr7LTKYIATzNtYqtx0sFXz3RFpdra2imybkTcLHJ\nKQJ5qpt0GBYxU4RWtqKOZ0Z52OhHQr3vhHiGDHaHOx7RUMAEjL6jzXzSHkWst3w9jU+EYhFVUzy1\n7DqL6OHMFT4fX01a6RCwOH8UhxnCYK2nIyyDUX908wtiVWPiBCSkVErQiQkVNROiIhzQRdMhARag\nkVJyiURFIqSiUKRSTKihCQhHJCEhCEKSEimUCKEJqmm8QhJYdAdl492yVQfi9JThxPdRZiOhJP8A\nAL2B2y8E7T5TUcWVlzpHZoA8gFnJcfrjXkua2/MmyxpdNAsmUkWv6qhxHvHc7KRpU4WFzp5KIYXb\nAq22ZwHNbPDqcvcREwucNyOSmWXWNY4XK6aZ8Tmi5uqyCF0FXA+LVw0OlwQViGBrvesB6KTk2uXF\nq6akO6hSDtQsqejIuYjmHRUw073PAsQukylc+tgy390KyEeMBb+hw5hp7W16re8O8GOr5I5yR3Yl\nykHnt/FYmct01lx3Gbr0jsto3UfCVPn3lcZPmuuWJhFE3D8PgpYySyJuUXWYV0k8cr6iVEqaiVWU\nVE9VNRI1VKiUkykgTtlAqZ2USiRBIqRSKLYidlFMoRISChIosJIpoKJUUkykgFJRQqN8kmhY26E7\nZfOvG7+84mxMk6md4+AJC+h53tjic95Aa0EknkF8xYzUuqq2eZ58T5C71ubrGTeLXyHYKtrbMB80\n5DuHcxujOMgao1ItoqZ9TLkjYS88y4ABdLFlw+hEGVub3pHDmeQWtw6ivTh5JaRzC3L6WSpbaEiz\nmAgnqAvJy8nbLT6P5+Lpjcv61DIXVXeXJDXGwsLIpqHu61jKuR4gPvOawOcPhcXW04fY5zCJrGUP\ncCLbWV2KRBtQCLe6pM9XqZ8cyx7LKXAO9e51JLHWNGto/C8D/YdfldUPw+KOQ3iyvB1B0KdM0hos\nSCNQRpZZE3EM9PZmIRsrohp9sPGB5PGv5q7trGus9Qijs4ACy9Q7P42DBnmwv3pv8gvNI67Cq4j2\nSu9hlP8Ak1guw+kg2+IC9G4BE8EE8FRHa9pGvY4PjcPJw0Xbi8yebnylx8dckU0ivU8aKiVIqJ3K\nJ/SUT5KSiQiopJnZJVCKiVI7KBQhFIplIoVApFNIqEIpJpKlCiSmUiiEUkIRQndJCGm/SRdBWG9u\ne4/rDRcJ4jK02Jj7v/uIb+RXznI57pHBjcwvuvoDtLiNTw06nF7ySsA+d/0Xk5wsQuyxhuVcOTkm\nL0cPFc452lpnPkBePQLb0GCCV0vfx5Y3HS+621LQxxuvz+azpH5Ra408l48+e26j6XH+aYzeTC9j\nZT0ojj2Atqinf7PRiMmwcTr0WVuNVW+SNjLEt9CuG69WMmtCgjjgY57NQTe61dZP3tQTaysq69oZ\nkZYX6LWGS7rhejjnu68nNlNdY3FO5oa0E6rExqJrqdzxqQNlXDI626yHDvYi3fRbnl25W9sdOVp6\nc1EpJNmb2XvPZVhLMP4ZimF+8qSXnXYXsPyXkeH4U+aqp2DwMkkDXu6NvqV9GUkEdNTRQQtDYo2h\nrR0AXrwu68HLOviaRUiFErq4IlRKkVW9wGpIVDUTusaaugi9+VjeWrgrWyNc0EEaoJFJF0IEQolS\nJUCiQikUyolUqJ3SJTUXKEIoQkqlBUSgpFAihIlF0DundQTQ22dHVtqG3C8+4k7SpMOxeeloqSGS\nOF5YXSE3cRva231W5wrFQ1rmi3e2OUHa68OxcTNrJxU3E2c5wd731XHtt3mL1E8e02O0RjqI4qOV\nrtGmXNm03vYLVSRguLmEEHVeXPcblbDDMdqqBwbmMkP4HHb0Xm5uG5+yvb+f9GPHOuUehxRC99kT\nRrX4VjNNXtHdPtJzY7QrYSPuLlfPuOWN9fWxyxyx3GDWP7qPRaGervL3ZdcHYFbXFH+ArkK+TLKf\nLVeniw28XPyXH4z3vtfyVkLmnXNcrS9846ude6tjqHNsACG9V6eryd28c7KBY3KvdL3NI95dlJFg\ntZBL3hb+G/VbmioDi1ZBEJWRwhwBLhe/wUk99Xt542eAUOMzGkacOmMUoD45Q0lpB532XuMQLYmB\nxu4AArV4RLFT0EFPALRRMDG36ALZskDm3uvRhjMXk5OS5/U1B2iYeDsViYpVRUdJLUTytiiYLl7j\noFtyafiDimhwZzo6hz+9y3Aymx+K8y4m46lxMiOm+yjA/EQT8itFxrj82K4pNad8lMx32Vxl+Nh/\n7XIzPeX3AIvzHNZ3a3qRvZMUmleS6VzjuTmJWdT8VV8LWiOsnaGHwszG39eS5FsjmgjrugvFxqml\neuYJ2ld2HDEozINLGPdei4TjVDisQfQ1Mculy0O1HqF8uukLZBlOi3XCHEEuBY1FV6uiByyNH3mn\ndWWxmyV9MHVRK12BYtS4xQtqaKQuYdCCLEHzC2K3tz0SiVIqJVKiolSKgoBRJUioOVQkimolCkUX\nSKSId07hRQg8cxHH5MuWje6Pq+9j8Fy1Y8zvc95OYm5N905pS46bBY7tTfdcJNPXWO5jxcjxBU59\nbHQ9FmOOiqqIO8bdp8SrNVRyuieHxuLXDUEFdfgnEQqGNhqyGzbB3J381w5L43ZZAR5qYdrcLGfH\nM566cXNlx3x6JWHOCuUxmJzfHy2U8KxksDYasks2D+Y9V0FHgM2Pd42F7I4ALmV2o9B1K4YYXDLV\nejPkx5MduLZKHDLeymHvZ9646LZY7wliWEs71zRPT83x8vUclog5w0IK9Onk7NxRz5iGjQL0ng6h\nZHGytkILG3DGjr1XlmHR1U8jY6eN7nOOmUL1jA4H4dhkUEjw527ul1mz1e1077D5GCK99CsaXE3x\nTlmbw8lqsPqRlsSoVLvtg4LW3PTp4awhoffRcV2t4r3mH0VJC7MZHOe4A72Fh+a2/tVosoK4XjaR\nsjmx2u+2nW10yvi44+uClLnE3I35KMNNUStL+7sxulwN1soMPMsoa4fJddDSsp6QMygjay4583X4\n9fF+fv7XnraF0g95XHBnFlw43K6aooafvS9jSwk65TurQxoZYLN57fjtPy4z642XCZmNvfVYMsUk\nL7SNIXdyNbbW1lra7D21TbNGvI9F1w5bfrhy8GMn+XYditXJLXVseY9w2FgF+tz/ABK9b5LzPsVw\n9jcLqqrM7vO+yEctALfmV6avRPjw5fUSkVIqJVZqB3UCpuUShCKgVNQPmqhKBUr3WBU4nTU9SyCS\nQCR+wUtk+tTG5fGWUrovcJKsyGmopqmnzY95Khc3TmcGm25VYNwS7QLzvUk5wCrdKbCyhI8E6Kou\n081WayO8Dm2eLjzWPNGG+KPUdEsyA8gqoTHghdTwfxJJhUop53k0b3a/6D1XISaOzt25hTaX7hLN\no97NQ2aEG7XxuFwRqCFgywUxJPs8RdtmLBdcJwbjz4XtoKo/ZPNo3H7p6ei7cuKxpuCNrIScjWt9\nBZNz7qoO18SebVBm0kpa6xOizi5rx5rTtfYq+KoIO6Iy5LQROlleGRN1LjyXFY7UNqMUlLL5RYDM\nLcl1GL1LZKENf+6Dg546gXP6Bc9SMGJu790RivPp0y2JP1C4Z8msur28PBvj7/1s8Po4qeBl2ZpC\nLk+axsWxGOG7Wsc+x1IGi2WIt/u7hG7K4iy4yviqGi/tDSLE2A5rzT2+vZl/nHxkHFaOV2XMGnod\n1eJo3DwuBXKmOV0YfUZC+9iy2oHW40WzoIHdw52Yi33V2yxmPxxwzyy+tq7KRuFFoBcC2y52prJC\nTlkLdel1PDppnTsLanM4H3SCF0wxs+uPLnL5HtnZhR+y8Mg5cvfTSP8AhmsPyXWrCwOAU+EUcQFr\nRNv621WcV7J8fMy+olRKkVE7qogd0imd1EoEVpuKK11DhMkjDlebNB6XW4K5DtHka3CYGO+9Lt6A\nrHLdYWuvBj25JKyeDq2Wsw17pnl5a/LcrjcRq5K3ioRszXdUNY08vesuh4PnZScK1M9rBhe4/Jcj\nw1UNl4lppJtml8rnHbRrjf6Lz53eOMe3jnXLkyjq6HHZ5uJX0ucGEvcxrelr/wAF2C8v4OvU8UNk\nJJtmkI/r1Xo9ZWw0cYkqHhjb2uV14crcd15/1YyZzHGfxkoUI5BIwOabtIuCpXXoeV8xg31JsBzU\nJZc2jdAFXK/5dEmC7buXnegZtUXsgnokqgz9QUxY7KKgTYqok/Q+RWOSYXg6lhWRfMLHdQIBBDtQ\nVUbWlo6meh9sph3sbD48mpjPmOS7fhnHTXwinqGn2hg1d+IfxXmlDXVeEVQmop3xSjm3YjoRsR5F\ndbgHFz6vFIIpsKw/vJTkdLDG5jzfnobfRZsqyu5sSbphBIFxyQ3dZaBum1IouUEns7+NzOXMdRzW\nr8VHGG6NZn8A6DXTzWya4tNwbFazHonwMbK6V0lyBY6ZdF5ebC9tvofm5Z/zuP8AYyIK4SPayQhn\nmVjYjT0sukmU31uCtI+ocHXB15G+y1tZW2maxzz4uq4zC2+PVeTHHH1uqejoZJiyLxFv3nEkBZcl\nMIYS1rbbkrUx1JooCaU5XkeIluYFVjH5tO9OZw52W5jlbtjLPCTSE1DIC/uxmY7RzeoWVhNA3vYn\nSRlmQ2br5qp1eRUtlaA1rm2IvfVdDw5H+1sVpIWC5MgLv9o1P0XbG3enmzmPXs9pi0jaOgCkUBBX\ntfKqKi7ZSKiVUQKiVIrGlqoI5AySaNrzsC6yb0slvxa5cB2muD5KGMuIAa91vku9LgRcG4XmfaBK\nKjHRG0m0UQabdTc/qFw/RdYPT+PHfLEKGf2XgOsa0+/LkHxsueoLRUlfV3ynIIGn/U86/wDiHqzv\nHNpPZy9xhz58t9M1rXVczS+jEOciPPny+drX67Lx3k3p9GcVm/8A7roezWnc6uq6k6ta3KD6qXHF\ndJVYzBQ013BhDLDm8/0FZguIQYNwi6SJ7TVSPLQOeb+QWJwNRy4hjLqya7ooDmzH7zjt/Fd57jOO\nPLf85Zc2X8+PRKSLuKWGK98jA1XJJr2vm/XytcvPkrnbWGyraLKZPVcHpJIlF1ElVDvZQcblO6iU\nSpNJ2Re6iDYpHRxKqK59b+S7Ls/wjQ4lMNdWxD8z+i4+wfM5p0uuww7HocPp4o6aJwaxtnB8l83m\nBbRS1cZ/XcAHmrGErRYbxRQVIDZS6KQ6AWvf5LOmxuhhdbOb2vsstNkVArT0VbV41JK3C6mggMe7\nKhzs5HUAAiyzYRNStJr62KV3NsURH1J/RS5SfW8ePLL4zYmF7wFruJrmnewcjdXUuIe0VWVjckTd\nfVYWOyZi7zXn5ct609nBx3GXblTLpruOqrYyGsmcJG3AGW4WJiLnROcR7rvorMFqIy4hztVrr5uM\nd/8AXWuiwulpIqZ0M7O/a43Ep0c3yuPiqsSpKKOlfJCal82zYyARe/XkAqHwtc7PFO6N3kdEg2Zr\nftJy8Aeixj9265ya8ai1Q6pjD2tYAPFlXr/ZHhZbDPiMjLNd9nETzHM/ovNuHcOkxWuLpLtpWu8b\nuvkF7ng9TDT0cUMDAyNjQ1rRsAvVhj7uvBycnnWN7shY8dU1+ivDgV2efQUSFNIhVlUVx3GmBSyw\ny4jQPd30bcz4TqHgdOh/Ndm4Kp4FiOqznhMpqunHyZceXbF5Rwxxa+lljZM9z6V2jm7lnmP4LVYn\nWNxPEKqpa5zHPeXWPIcrrD4kof2VxVXQRaRZ87ByAdrb6pQRvMtwbtIuRyuvn52663+Pr8Uxt/6S\nfVb5HguBaL9L7+iiyYuIB+RVtRHre235KsNabZhe2l+YXKu0q2TLJGBbbn0XqnDNA3DsHgiA8bhn\neepK8xw+mElXBGHGzntBB9V7AwBrQBsBZev8s+18/wDfl8xid0XSQva+a+XAnyQkSuD0kSooKLoE\nVEqTlFyrNJN3vBJEhs2/IKoqjN5ifNbqGkpQ0Pnle6+ojbp8ytNALeIrLzkNBVG5ZUMiYWUrGwtO\n+X3j6ndY8kpN9fVYDZSrc5KCyKeamqWT0pdHIw3Dgu2oa9mL0netIbK3SRn4T/BcN3hHNTpaqajq\nGz07srxuOTh0K5cvH3nn134eX/nffjvqMiFxtuqcTlEg31WBRYnHXxF8XhkHvMO4/kqZpXlxuvFZ\nd+vpTOa3Gvr2h9wRcLUSUjg+8RyrfSMDhqqDCLrtjnp588Jl6wqYYgB4QHj1XQ4VhFbXPb7U5sMT\nhctDrvcqsOYzv2h58N9uq2VHiOfFAGOs6M5G9Ab3J/P6K3PXumOlvm3X0OGilp2RQRZI2jQLb0ba\nmO2VhcFuMDnp8ToWPsO9Z4Xt6Fb2niijaAGBejG79ePOdbqtDC2qkIyxkFbanpawtGZq2DJmRm4j\nCuGIhv3NFthRFSTn3lcaJ4GpUxjDG7xIdjkfOJN01FD6Rx0Cx56GZouLWWezFKWTV5DEe10kunei\n3qs9qvWPHO1fAamN0eMRAOiAEc1vu9D+nyXG0FXcC51X0nUQ4ZV0ctNPGyaKVpa5rtbgr5r4wwk8\nNcR1FC2QvgBzwu/Ew7X8+XwXl5cd3b3/AJ+TU61mve2QLHZfKfIrEp6tpZYnVXxzt1uRquFezG+t\npgVzi0BAvkOY/BehwYswGzwVquzfhf8AaVHNiFQ/Iwu7uMdbbld1FwnTN2kv6r2cMuOL5n6su/J/\n+OeqMWisO6BJWN+1XfhK7V3DlL3eVuXN1VX9mYvxtXTvY8/R8kEmyid0zsolHQckkXQiE5RebAKT\nlF+wViUNKhKc1m9dSpt2KpLwZHfJVlYNBYbBXN1icOY1WO0q5mx6WQJruStidduvJY7TZ4TgfYG/\nVVGWDc2TGyrJ8asGpRSY58EolgcWvGxC29JisdRZlRaOXr90/wAFqCqnsvqsZ4TL66YcuWHx07jZ\nVyStiYXyEBo5lc02aaIZWSOAHK6n3ks1u+e4gdVynD79d7+ma+MynxoftBzJAWi/hJWyna6adtVQ\nXFQLl7B9/wAx5/n+fLVMWeV5t4m6/BbHDMT9ldG2bMWA3Dh+RW8+PXuLHHzb8yew9m+Lso8Rp5K0\nl0M4ySXOgPI/Be19zA4AtZoeYXyzVcS00tPE2mIZIXjPlFtOZ/Je69nnFtBW4VT0dRVxitaMrWPd\nYvHK3VTiuvKv6Me3+8XXupYTyIVT6OLkSsrvWlQdMwbrvp491hmhYeaXsER3ssg1DObSq3VlOy5d\ncJ4vqk4ZETsoHDqdrvdWNVY4xhIihkefJqqo8Xllee8pZB00WdxdVs3U0MDLho0Xzz2o4h+0eK5t\nssDRE23K2v6r3yqriKd7jE8AC+oXzLjlUazF6yodvJK531XPmvnjv+bHeW2Gwub7pWzwalmr8Qpa\nSE+OaRsYJ5XNlrGG+66Pgn/7Lh2tvtmn6rzybr2ZXrjbH0Fh1DDh1FDQweGOJoaLHfzWZFCT7kh+\naTWMOqm2No1bovf1fK376ona9r7GR1/IqGST/iu+ayi1mbxbp5IvNOqbfGhSKkoOOq4vQEBIlCoC\noye6Eyoy6ZVYzQ9+SAuG6wGlwO+6yKp3ha3rqVSAtRipB7lkQPJa6/RUhqtjGUHzCELN9oEmu8Fu\nrlBxs8JQ+KVoPLUoM7N49OSviN1iA6kq6BxLiRsiriblI6KTR1VNQ/LoN0EXPu6wGqvyWY0eeqqp\nonOIdZZkjfCERr816l/+2ycrLxktGm4TjZed3mCpx+KItPLRVGPGLyA9QrmTvhkEjHua5o0cDYi2\n1lTGbPaP9yjMbNPqi7fQvZDx03EMOdh2MVjfbo3fZPmdYyNPK53IXpozSa6WXxdSzuZ4r2JK9k7P\nO1OSmjgw7HC11M1uVlRY5m25O6+qiPbSx46WVLos3IFUUOLU9fSxz0xEsLxdr2m4KzIJGuOgLfVO\n0XrVJgya5QPgotaWvvcfJZU0jRo52iheMsu1NxOtaLjTFPYOHK2UPAd3RA9SLL5ncbuJXrXbLjbM\nkWGQPuT45LcugXkgF15+XLde382GptNi6TgeJ0vEdEGbhxP0XNt0XddlVJ7TxECdmRl35Lnx+5Ov\nNdYV7NEyYsH2oCyYXOZo54KlDTxCwOZWGijLvA6wXuj5ZOcTsQo5ndR81XPSm/gBI63VXsp6D5q7\nNV8jk2VZKm9Vrg9Jp8lFMoEUpNQ1ModqArGaxJ9ZPTRJqrkf9u/pdWM1WnNbGLlWHSQAeiGjK0dU\nrEvCKxpDZx8k6c6F3MqNVpK5o6oY7KFU/rILrBdLwDS0lXxJh9PiMXe008hY5mYtuSCBqNd7LlGE\nvcuh4YqRSY7htQdoqhj/AJOCmXxqfXofafwnh2C0FHVYXAYWPkMcgLy65Iu3c+Tlx/HHD0WD/s+p\noZpJ6GshEsb3gBwO5Bt5EfNey9p8AqOC6/wguiyStJ5WcLn5EryP+0FHPwJUYNiXeGohk7yjc1t7\nHUkHoNT/AN3kueGVsjeWM26bsOxVuerwicgtk+2iB/ENHD4ix/6VveI+B8Pq+IoS3PT09Y1zAIGg\nBkzRfa2xaHfEea8m4LrjhuO0FWHOa2OZpcRvlJs4fIle0YrE6DFsQZESZWOhxaKJotfKcko03JDf\niXKZbxviT2PPeM+BH8PUkdZDUOqoc+ST7LLkvsdzpy+XVcMzwyvavofES3E6vFcBriC2anbNCct8\nrD4T8WvGb/qHReAV9NLR4jNBO3LLG4scOhBsVvDK3ys5Y6+Nc7Qg+axq2SxDQsmfS3qtTNJnmJXS\nMVeyQgAHYK+KYjUusOgWCHKQcbom3ZcMcYYngEmainLYjvE/Vp+HJev4D2oYTXUrfbqg0lTsWuBL\nfUED8185tcBqVaJy3bT1Usa2+toa0VULJYJmyxvF2uabghV1dfJSUskjpC1jGklfNGA8VYng0rX0\ndTIGj/LJJYfgu0re0SfG8EmpH0zYpnWD5GONiOeixl5G8f8AV00fEGIyYnik9TK4uL3E69OSwAqy\nbnzUgV5Mrt9LGaiwL2HsEoO9qcRqSzMGMawEjmbn9AvHWbr3LsgqThfDhu23fyF9/p+i3xz1x58p\nrT1CZmRpGRYLxl1OyyKXEGVIAB+CyZIWvbZrQPVdt15NMJlY0s7prGlPuvJvzUn0kDdMxD+oVPsX\n/wC71Nmnxm7UqCk4qF1poxupWUW7qV9EEHbqR90XUCgnQKxmtVJ+8d6q+mcM4uVRK0iR1+qGnKQt\nOTbFNupCxoZrixWVFqbhGmDW6VLlj5iTYLJxQESscPvBUQttqVWayIdAsyneQ9pG4KwM9ldTTASs\nvtcKVY+meLKyOXhPE2yWDjRyaHTXIV82SEyOsveMer4K7CqqmogKl00Tog5rhkbcWuXfHlfZeXjg\n7E2DRsR56O/kufFLJ66cmU20MXgDbL2niLFpaKg4X4iaS4tDWTAH32vYC4f+J+K8xfwvirTpTh3p\nI39StrVt4mqMGhwyojD6KEgsbeO7bXtqDfmtZY21nHKR6BxnXR4fi3DmMwkGmzuie5uxjeB+lyFy\nPa/hPs+Lw4lG37OqbleRye0W+ot8itViNdjtTgVLhNTSPfT0zg9jxGS/QEAE3tYA225BZHEXFVTi\nfDkWG1uGva+IM/vD3m+ZosXWtzF+fNYmNljVyljz3EH5I7/JagG6zcXeTK1nQXWCNB0XeONTaQNy\npXVQIHmpBxOwRFoKkDcqoEraYZhr5y1892Rb25lZyymM3W8MLndRGio5ak+HwsG7ittDCymuxl+p\nJ5rNAbGwMY0NaNAAsWbSQHqF5v8Apc6+hOCcc3/UrqV1AHRMFc9Ou2TSxullaxouXEABe84NAKLC\n6WnA/dsAPqvIeBqRtVxBSCQXYx2d3w1/Ne3trMn7qJg9V6OKePFz5buk6eaWJ2aG9/RZ8WLVcbrv\nbf10WqOIVF9Mo9AqH1M8rruzFdLJXCWx1MeNX1liDfNWftmDyXHuleBYtcVDvD+EqdYu6+aSFWSr\nHqsrLok1MuSGgQgiSk42icegTKpqnEQOtzWozWPl7xnmFUWlShdYrJLA8XG6056YzLhZlO85SqCw\nhWM0ARYniFu6jceRssWI3bcLJrtaXrYha1jy0+FEv1lEC9yVOIgu8I+KxW5pHeLZZsLcosESPV+B\nHlvD0TnOIs92W3+7/wBrp6KnkqqhkUV7u3PQc1y/B0eXhymHiBJJ209538l6DwrBanllN8xdlB8h\n/X0Uzy647McO2WmwjwqmiaPC57+bnONyVrsWwt8cRmpHSeCxMeYnQdPRR4mqXiWKna7whuc2O5/o\nfVbDB6x8+HtdL4nNJYXHn/QsuEuWMme3bWOVuGnKUjGzVUUbz4XPDToCd/NX4vh/cVNNHGczJTbV\no5acrdVXXtbS4u8M91rw4W5c7LqvY/asXoSbZWOcTf4fzXTPOyzX9c8MPLK8a4s7MOI5K+esgpY6\niJ5zAQvBIFtNDY39Lrg6/Aa6gfkrqSeB3SSMt/NfZhBO1lVNHHIwsmYx7Tyc0ELpupZHxWaYj7tk\nGICy+tcS4U4fr2ubU4TSEndzIwx3zbYrUQ9mfCjXl5opHG2jXTOsPqmzT5ooyyKQF7fit7DOHAWK\n9wqOy/heZxvFUQ+TJbj63Wqm7HsLEpkpMRq44+TXBrvrosZ4dnbj5bh48rzXCrkGYL1Sr7LYW09q\nWvl70c5GgtPwGy5TEuBsbosxFOKhg5wuv9N1w/52PVOfHJyg0UmalXz0VTTyZZ4JYndHsIP1Wbh2\nCYjWvaKWinkvzDDb5nRNFykjsezGj8VTVvGjQI2n6n9F3zcpNsxCweF8IkwnCYaeVje8955HUrc5\nGt3AuvRjjqPFnlu7YZaGutmJVzC1uucrJyNLdGglRLLcgtaY2DMxwFrfJLvG+SYYHG2gU/Z2/iCo\n+W5NFSVZIbqtcnandO6ihAOKpqNYHeWqsO6R1BHUKxK1rDYrKhfyWIdCrYj4ltyZZNwok8kD3j0C\nXNRUp/8ACPv5fmsJjVmz/wCGPqFitGysSrmCw0VzN1S1WM3CK9h4cDm4BRNN8pjaQeW1/wBV3XDU\noNARza8j8lwuD3ZhNE0ZrNibcch4QuiwKvbRzubJpHJYE/hPVY5cblh4cd1l6v4lBbXNfrlewa+Y\n/oLP4eD/ANnkAaOeSD5WA/RZtVTxV0TWvOgNw5p/JOaSDD6TWzI2CwbzPl6rhc+2Mw/rtMNZXJzG\nONIxWXn7v5BdvgOWaQS7gRgg+Z/orz2onM9RJI7d7ifReh8MM/8AiYZPxNA+Qt/Fdssf/i5Y5btb\nrQHQqL725FQcCearIdfcLYHBp30KpIGbcqTvVUlxB30Q0tewZbhwWM4yt906Kfe2GpFvNVumvyaU\nRW+WT711S97joGlWPeHH3TdTY8BtjoqMNwLdSEw8uOoFlN7xc6m3ok5sZAsSobHfOuBa6hNUOGzQ\npCNg0zi6qMNyfEFRATyuNgQApd6W6OKGRDYvF1GYAbuBQWGoAG5+Sj7SOp+SUZY9uoJU8sfQoj5f\nduolTKRXN3RSJCajZEBKiN0ykVYjXSC0jh5pxmzwnVC0x89VBu4W3NsXAAXHMKrmrIzmjF1EixUU\nT/4c+oWOzZZE2sDvJYgdbZGauBU2O1CpaSVczcKrHoeH8W0DKaJkkc7HNaGkBoI29VnN4xwxoGYS\nG3+k6/VeZZrIGqGo9Tg48o4QWxSVDW22ANr9bXSn45oJnZpWTyOzX8QJ06au2+q8wacoQZM22ykm\nvT69PpOLqGoqoooaOWR732Dcp1voB7y94o8NkoKCngI/dsANuvP6r577FaGOp4xgqZ2hwpGGoa1w\n0LgQB8iQfgvpuHEqepFphkPVS3+VZj/Y00l2nUFVF56LopcPZUNvE4OHkVrp8OkjdqDYeSujbVTE\n/HyWO97ul1tJoANmrEe3KTcaeiml2xg9jtHHKFVL3X3XhXSyxtP7olY/eQl13R2HogiJG7EgeaZm\niYNHXKhPJEdGNCxnMcHXtom00yfaWc/yS9pjGzSVW1pI923qEmx+PxbK+niw1LCbd18VB+Vw0Fh6\nolBaPsmZviqm9+d2aKoQID/Crg4E2c0D1Ci2MizgpvkGWzsgREX5gLN2VPj/AAqbpwz7zT8FH2sd\nR8kV8zEqJIQ/cqBXJ1SJRcKNkEKqCVE7oKibojGrRZzXcjose9lmVLc9O43903WBYrUc7GdTP8Ft\nFcd1r4XZXLOcbNHUqibiPZpb9FrwVnSaUrh11WE1IlWx7KzNZUZ7bKTbnUqoua6513VgcGjVUA5R\ndRLi7fZF2tdIXbbK6nYXEX2WPGCXALYRAMYLIPWew6mzVGJ1AHuRsjB9SSfyC9aNxuV532JU7o+H\nKue2stQRfqAB/Er0IuPMLjfrrPjJpq2aldeN5A6LeUeOxz2ZUNs7qdly7uqqe+2x1Vl0WbdrU0sV\nQ3MzS/MLSVdHVRuPduY8dDoVhUGKT0rhclzOhXS01VBXRAtIzdF0l252WOYkZMD9pTn1Cx3vha4B\nwIPmF0dZSPFzE5zStHWCdgIka1462smtEu2K/uHaAglNsQtcAn4rElc22jXNKjBM8uIzuFuoTcLG\naQPvE+llB3dNFzugTWAzPv8ABKVhc24ActIYc19sosOqhI5zdGkFQyz2t3Q+agKaUnxABBJt/vOB\nvyBVckAOuQlT7mRvuAJt75p8Tioiju2t/wAoo0/4IWbYP9690dyz+irofLEwAcQqgr6sfaFUtC4x\n3CEyom6BFQdopk9VB1kQo2h92HZwsteW5XFp5aLODrOBCx6ptpcw2dqtxjJXG27gAso3c8KuBtml\nysBy3KqHM8WcOQCwg6+2yuvnc4HaxVAAA6BEqbRqrA7KFjmW2jdVJtza6qWLMxcddlMKDBcrIij5\nlBNn2bMx947LJjP2EZPNYr/EVmQNzU7Oouo0+hezGI03BVA2wBfmkPxcf0sulfI5afgsFnCWEgi3\n92Z+S3Dj5Lhfrsqc93O6i6Q9FJziNgFWS87gWVA6Y9FFlXJC7NE8td5KD7/hVZeBpkQb2j4mnbZt\nRGJGDnsVu6atw7EWWDgx5+65cMZB0Ue+s7QEHqFqZWM3GV2tXgUcl3R6+i01RhEkLiQ0lYmH47XU\nz2ta50jOjhddtSzMradrpGZXELpjlMnOy4uGdHI0lu3qFdTvc1tnWJXVVeFtfcstdaKuoZIGk5DY\ncwFrTO9qe/aDYhVyTtG11gzzsFgSbrHdUk+6SB6bp2XTN/aDA4tG6tZVteNgT5LVuAeNGkHzCm2A\nNF2ZgfJTZpsDMXHwsCO8f+EKmIvDdQR6qWc9QtbR8tg95Cx19bWPqkBqqqV4D+7OztvVZBFjYrzv\nQRCgQplQKIg5qpfoFeVS5WCuycjO8iFt2oKsh96x5rUYqr3QG9FF5um4EPIPJQJ1stMossH+SwwH\nP1J0WbbUKvIQ4okulTGAcrq1oubBMNVzRlVT6lEyw13U3OIeByTZtdRfuEVMi4utlhMTpu7iYLvc\n/KB1utew3Gq9B7JsFNfjramVt6ektIb7F/3R+vwWbdTaybr2fDY/Y8PpqYbRRtZ8hZZBkad0OI6K\nslo5WXDbuk5zeih3o5hIuby1UHOCu0Nz77KpzkONlSSSdFRJwG63/DGFsq3GSdgLBsCuZcXA6Lec\nN4uaGcMnP2RO/RWX31mzcddJSQwC0MMbbeSw5ZZLEDw+i3doquESQuDgRfQrWzwFjibWXomrPHC7\nn1r4JaiNx8RcOhWdHUOkFnxrGfIWmxbcKTJGjf5BXSbE1DRzEmSBt/RYcuE0Q1aLELZNe3Lcbeap\nmmhaNdSrqG60k9CxrvCSVUKWR7vA23wWdU4vTwOs5g9SsSXiimibdsfyWbqL6k7CJ5GayFgPRU/2\nfk/5l6xJeMGuJyQvcqv7YP8A+Xcs7xa1k+VH6O05LZvOaKN53I1Qhca7xUVByEIIO2VZCEKorduk\n0kOQhWM1OpF8h5kKg6oQtMVNo8Ki/wB8oQgQU+SEKotGkfxVZOyEIq+L3gveux5rf7KONhd1Q+56\n+FqELnyfG8PrtyAq3AEIQuTqpcLbKDihCsRW5xuq3EoQqjGnkcBcKtsrnb2QhB0fCWIVEFe2Fj/s\n3btOq9IDWyxgvY0k+SELWFTKNNjEbIReNoC0jJHOvcoQvQ4IwzPcXtJuAtXiM8kbiY3ZfRCFL8WN\nXUkzNLpDc2WA1rXOIc0EDkUIXOtRjmxeG2Fr7BW9yzp9UIWWn//Z', 'null');

--
-- Indexes for dumped tables
--

--
-- Indexes for table `alerts`
--
ALTER TABLE `alerts`
  ADD PRIMARY KEY (`id`),
  ADD KEY `patient_id` (`patient_id`),
  ADD KEY `prediction_id` (`prediction_id`),
  ADD KEY `idx_alert_level` (`alert_level`);

--
-- Indexes for table `lab_reports`
--
ALTER TABLE `lab_reports`
  ADD PRIMARY KEY (`id`),
  ADD KEY `recorded_by` (`recorded_by`),
  ADD KEY `idx_lab_patient` (`patient_id`);

--
-- Indexes for table `otp_codes`
--
ALTER TABLE `otp_codes`
  ADD PRIMARY KEY (`id`),
  ADD KEY `idx_email_purpose` (`email`,`purpose`),
  ADD KEY `idx_expires_at` (`expires_at`);

--
-- Indexes for table `patients`
--
ALTER TABLE `patients`
  ADD PRIMARY KEY (`id`),
  ADD KEY `idx_patients_created_by` (`created_by`);

--
-- Indexes for table `predictions`
--
ALTER TABLE `predictions`
  ADD PRIMARY KEY (`id`),
  ADD KEY `lab_report_id` (`lab_report_id`),
  ADD KEY `predicted_by` (`predicted_by`),
  ADD KEY `idx_prediction_patient` (`patient_id`),
  ADD KEY `idx_prediction_severity` (`severity`),
  ADD KEY `idx_prediction_created` (`created_at`);

--
-- Indexes for table `users`
--
ALTER TABLE `users`
  ADD PRIMARY KEY (`id`),
  ADD UNIQUE KEY `email` (`email`);

--
-- AUTO_INCREMENT for dumped tables
--

--
-- AUTO_INCREMENT for table `alerts`
--
ALTER TABLE `alerts`
  MODIFY `id` int(11) NOT NULL AUTO_INCREMENT, AUTO_INCREMENT=9;

--
-- AUTO_INCREMENT for table `lab_reports`
--
ALTER TABLE `lab_reports`
  MODIFY `id` int(11) NOT NULL AUTO_INCREMENT, AUTO_INCREMENT=29;

--
-- AUTO_INCREMENT for table `otp_codes`
--
ALTER TABLE `otp_codes`
  MODIFY `id` int(11) NOT NULL AUTO_INCREMENT, AUTO_INCREMENT=16;

--
-- AUTO_INCREMENT for table `patients`
--
ALTER TABLE `patients`
  MODIFY `id` int(11) NOT NULL AUTO_INCREMENT, AUTO_INCREMENT=29;

--
-- AUTO_INCREMENT for table `predictions`
--
ALTER TABLE `predictions`
  MODIFY `id` int(11) NOT NULL AUTO_INCREMENT, AUTO_INCREMENT=15;

--
-- AUTO_INCREMENT for table `users`
--
ALTER TABLE `users`
  MODIFY `id` int(11) NOT NULL AUTO_INCREMENT, AUTO_INCREMENT=5;

--
-- Constraints for dumped tables
--

--
-- Constraints for table `alerts`
--
ALTER TABLE `alerts`
  ADD CONSTRAINT `alerts_ibfk_1` FOREIGN KEY (`patient_id`) REFERENCES `patients` (`id`) ON DELETE CASCADE,
  ADD CONSTRAINT `alerts_ibfk_2` FOREIGN KEY (`prediction_id`) REFERENCES `predictions` (`id`) ON DELETE CASCADE;

--
-- Constraints for table `lab_reports`
--
ALTER TABLE `lab_reports`
  ADD CONSTRAINT `lab_reports_ibfk_1` FOREIGN KEY (`patient_id`) REFERENCES `patients` (`id`) ON DELETE CASCADE,
  ADD CONSTRAINT `lab_reports_ibfk_2` FOREIGN KEY (`recorded_by`) REFERENCES `users` (`id`) ON DELETE CASCADE;

--
-- Constraints for table `patients`
--
ALTER TABLE `patients`
  ADD CONSTRAINT `patients_ibfk_1` FOREIGN KEY (`created_by`) REFERENCES `users` (`id`) ON DELETE CASCADE;

--
-- Constraints for table `predictions`
--
ALTER TABLE `predictions`
  ADD CONSTRAINT `predictions_ibfk_1` FOREIGN KEY (`patient_id`) REFERENCES `patients` (`id`) ON DELETE CASCADE,
  ADD CONSTRAINT `predictions_ibfk_2` FOREIGN KEY (`lab_report_id`) REFERENCES `lab_reports` (`id`) ON DELETE CASCADE,
  ADD CONSTRAINT `predictions_ibfk_3` FOREIGN KEY (`predicted_by`) REFERENCES `users` (`id`) ON DELETE CASCADE;
COMMIT;

/*!40101 SET CHARACTER_SET_CLIENT=@OLD_CHARACTER_SET_CLIENT */;
/*!40101 SET CHARACTER_SET_RESULTS=@OLD_CHARACTER_SET_RESULTS */;
/*!40101 SET COLLATION_CONNECTION=@OLD_COLLATION_CONNECTION */;
